CountyName,CountyFIPS,ACCESS2_CrudePrev,DENTAL_CrudePrev,CHECKUP_CrudePrev,CHOLSCREEN_CrudePrev,BPMED_CrudePrev,COLON_SCREEN_CrudePrev
Adams,08001,17.2,57.2,70.1,83.3,66.9,55.1
Alamosa,08003,18.0,54.8,69.5,80.9,70.8,58.4
Arapahoe,08005,11.5,64.4,70.2,85.6,71.0,61.7
Archuleta,08007,9.6,67.3,75.3,89.1,77.4,69.0
Baca,08009,12.8,53.5,74.1,84.9,76.8,61.7
Bent,08011,22.1,49.6,69.5,79.2,71.6,51.9
Boulder,08013,7.8,70.6,69.3,85.0,69.1,65.1
Broomfield,08014,7.8,71.4,71.6,87.0,70.1,65.9
Chaffee,08015,9.3,62.1,73.8,87.3,75.2,67.7
Cheyenne,08017,11.1,64.2,73.8,86.4,75.1,63.8
Clear Creek,08019,7.3,70.0,74.4,88.8,74.3,69.1
Conejos,08021,18.8,55.7,72.7,84.7,74.3,57.5
Costilla,08023,19.6,50.4,75.1,86.7,77.9,59.6
Crowley,08025,21.1,48.0,66.3,78.2,65.9,50.0
Custer,08027,7.6,65.8,77.8,89.9,79.1,68.8
Delta,08029,11.9,60.3,74.1,86.4,76.9,64.5
Denver,08031,12.5,61.0,69.6,84.0,65.4,61.7
Dolores,08033,10.2,63.0,73.5,85.8,74.5,63.8
Douglas,08035,6.3,74.9,74.6,88.4,70.2,66.5
Eagle,08037,11.3,66.3,71.6,86.7,69.7,63.3
Elbert,08039,7.9,67.4,73.8,88.0,72.9,68.0
El Paso,08041,9.5,64.4,73.7,84.6,68.1,62.5
Fremont,08043,13.4,57.9,71.9,84.2,74.0,61.2
Garfield,08045,13.8,64.3,70.9,84.4,69.8,61.5
Gilpin,08047,7.3,66.9,74.1,88.9,73.5,64.6
Grand,08049,8.6,68.1,72.8,86.9,72.1,66.0
Gunnison,08051,7.4,69.9,70.2,84.0,68.7,62.2
Hinsdale,08053,6.0,70.0,78.1,91.1,78.5,71.7
Huerfano,08055,13.4,59.0,76.0,88.3,78.6,66.0
Jackson,08057,13.0,57.4,74.4,86.3,76.9,60.2
Jefferson,08059,8.4,67.9,73.2,87.3,69.7,65.9
Kiowa,08061,10.1,56.0,75.2,87.2,77.3,60.6
Kit Carson,08063,13.2,62.5,71.9,85.0,74.6,61.6
Lake,08065,11.9,68.9,70.0,85.5,69.2,60.6
La Plata,08067,8.6,69.0,73.1,86.8,72.8,62.6
Larimer,08069,8.6,68.5,69.8,84.1,71.0,64.0
Las Animas,08071,16.8,55.6,73.0,85.6,76.0,61.8
Lincoln,08073,14.5,57.5,70.3,83.1,71.7,60.4
Logan,08075,14.7,56.8,70.5,82.0,71.2,60.8
Mesa,08077,11.0,63.1,72.0,85.0,71.9,64.8
Mineral,08079,6.9,65.5,76.2,89.5,76.8,70.3
Moffat,08081,12.8,55.5,70.7,83.5,71.2,62.4
Montezuma,08083,10.8,60.3,73.6,86.4,75.6,63.7
Montrose,08085,12.6,62.8,73.3,86.9,77.0,62.7
Morgan,08087,17.9,58.4,70.3,83.3,70.4,57.7
Otero,08089,18.8,49.7,72.6,83.5,74.9,58.3
Ouray,08091,6.2,70.1,77.6,91.0,77.6,69.4
Park,08093,7.3,67.9,74.9,89.3,75.6,66.6
Phillips,08095,14.6,57.2,72.5,84.9,74.8,59.1
Pitkin,08097,6.9,73.2,74.2,89.2,73.8,67.0
Prowers,08099,18.3,54.2,70.4,82.9,73.1,59.9
Pueblo,08101,16.3,59.1,72.9,84.9,73.5,58.3
Rio Blanco,08103,9.9,61.5,72.3,85.5,72.9,63.9
Rio Grande,08105,15.9,62.9,73.5,85.9,75.0,61.7
Routt,08107,7.5,68.4,72.8,87.6,72.2,65.9
Saguache,08109,15.8,54.8,75.0,86.8,77.1,63.5
San Juan,08111,8.3,63.2,74.2,88.4,74.6,60.8
San Miguel,08113,7.3,66.9,73.4,87.9,72.4,62.9
Sedgwick,08115,12.0,57.0,75.8,87.6,78.2,64.4
Summit,08117,9.1,67.1,71.6,86.2,69.4,66.3
Teller,08119,7.6,67.6,75.5,89.2,76.1,69.8
Washington,08121,10.8,63.6,72.6,86.0,74.2,63.6
Weld,08123,13.7,62.9,67.6,83.1,68.4,58.6
Yuma,08125,15.7,57.7,71.5,84.2,72.6,59.1
