CountyName,CountyFIPS,LPA_CrudePrev,OBESITY_CrudePrev,SLEEP_CrudePrev,GHLTH_CrudePrev,CSMOKING_CrudePrev,DIABETES_CrudePrev,DEPRESSION_CrudePrev
Adams,08001,22.8,33.2,34.2,18.8,13.4,9.7,20.7
Alamosa,08003,23.9,30.3,32.9,21.9,12.7,11.3,22.6
Arapahoe,08005,18.0,26.1,32.6,15.4,10.5,8.5,21.7
Archuleta,08007,19.7,27.6,27.8,17.8,12.0,11.7,21.2
Baca,08009,26.0,29.9,33.8,23.8,16.9,13.4,24.2
Bent,08011,29.9,33.7,34.8,28.7,20.0,14.7,22.0
Boulder,08013,12.1,16.7,24.1,12.6,8.8,7.1,23.3
Broomfield,08014,13.5,22.3,30.3,11.7,8.7,7.1,21.4
Chaffee,08015,18.0,25.7,29.6,16.7,12.1,10.2,21.6
Cheyenne,08017,21.2,28.8,29.7,19.1,13.9,11.3,22.8
Clear Creek,08019,15.2,23.9,27.9,13.8,10.1,9.0,21.3
Conejos,08021,26.0,30.3,32.3,23.5,13.0,13.8,20.5
Costilla,08023,28.7,31.6,33.0,26.2,13.5,17.0,19.5
Crowley,08025,25.2,31.7,35.7,23.7,18.0,11.0,20.5
Custer,08027,19.6,26.6,29.2,17.9,12.2,12.4,22.0
Delta,08029,22.9,26.7,32.3,21.2,14.5,12.4,23.6
Denver,08031,17.0,21.6,29.2,14.3,10.3,7.1,22.7
Dolores,08033,21.1,27.3,30.5,19.3,14.9,11.5,22.7
Douglas,08035,13.7,25.3,26.6,11.1,7.8,6.8,21.1
Eagle,08037,16.3,24.3,28.7,14.6,10.3,8.5,20.4
Elbert,08039,16.2,24.8,30.3,14.4,11.2,8.9,21.7
El Paso,08041,18.8,28.3,34.6,16.0,10.7,8.7,25.4
Fremont,08043,22.9,30.6,33.9,20.8,15.5,11.4,23.2
Garfield,08045,18.6,24.0,26.6,17.1,12.2,8.9,21.1
Gilpin,08047,16.2,25.5,30.4,14.9,11.4,9.6,21.9
Grand,08049,16.6,24.3,29.6,15.3,11.8,9.1,22.6
Gunnison,08051,14.2,23.8,27.4,12.4,9.6,7.1,23.3
Hinsdale,08053,15.0,23.5,28.0,13.2,8.4,10.0,20.2
Huerfano,08055,23.7,27.5,30.4,21.5,12.9,13.9,20.6
Jackson,08057,25.2,30.0,31.1,23.4,16.9,13.9,23.0
Jefferson,08059,13.3,23.1,30.2,13.3,9.9,8.3,23.1
Kiowa,08061,21.7,27.1,31.0,19.5,13.8,11.8,23.2
Kit Carson,08063,22.9,29.4,31.5,20.6,14.5,11.4,23.3
Lake,08065,17.0,23.9,29.5,14.9,10.2,8.4,21.6
La Plata,08067,16.1,20.9,27.5,15.2,11.7,9.3,21.9
Larimer,08069,13.9,23.5,26.6,13.5,9.6,7.3,24.8
Las Animas,08071,26.0,32.5,33.9,23.0,13.7,13.7,21.7
Lincoln,08073,23.4,29.8,31.6,20.7,15.5,10.8,21.6
Logan,08075,23.5,29.7,33.7,21.4,16.0,11.2,23.6
Mesa,08077,20.0,29.8,29.4,17.6,12.7,9.8,23.4
Mineral,08079,16.6,25.7,29.5,15.1,10.5,10.5,21.5
Moffat,08081,22.1,28.5,33.0,19.9,15.6,10.8,24.1
Montezuma,08083,22.0,28.4,29.8,19.8,14.7,11.8,23.6
Montrose,08085,21.6,27.5,29.8,20.2,13.4,11.5,22.4
Morgan,08087,23.3,32.1,32.2,21.2,13.8,10.9,21.7
Otero,08089,27.6,34.6,34.5,25.3,15.3,14.5,22.5
Ouray,08091,15.3,23.3,28.1,13.7,9.1,10.0,21.1
Park,08093,16.0,23.5,28.0,15.0,11.3,10.2,21.1
Phillips,08095,24.0,28.9,32.8,21.5,14.3,11.9,22.7
Pitkin,08097,13.7,20.7,24.8,12.4,8.3,8.4,20.4
Prowers,08099,26.3,29.2,33.0,23.3,15.0,12.6,22.4
Pueblo,08101,26.8,32.1,36.7,22.0,13.9,12.3,22.6
Rio Blanco,08103,18.9,26.7,32.3,17.0,13.1,9.6,23.6
Rio Grande,08105,23.2,27.7,30.1,20.9,12.5,12.2,21.0
Routt,08107,15.3,23.7,26.6,13.5,10.2,8.3,21.8
Saguache,08109,25.9,29.1,32.1,24.2,14.6,15.1,21.0
San Juan,08111,17.4,26.4,31.0,15.5,11.2,10.2,21.5
San Miguel,08113,14.9,26.3,27.7,13.5,9.8,8.7,21.9
Sedgwick,08115,23.1,28.0,31.3,21.0,13.6,13.0,21.9
Summit,08117,15.3,24.4,28.7,13.8,10.5,7.9,22.1
Teller,08119,17.0,24.1,31.2,15.3,11.3,10.2,22.0
Washington,08121,20.2,26.4,30.0,18.3,13.4,10.5,22.6
Weld,08123,20.6,33.8,33.6,16.9,12.7,9.5,22.1
Yuma,08125,22.7,28.4,32.3,20.8,13.9,10.9,22.3
