STCOFIPS,WFIR_EALB,WFIR_ALRB,WFIR_EXP_AREA
08001,516725.365815058,5.72062406e-06,337.775122349513
08003,61297.1791687129,6.94412601e-06,47.0244875267588
08005,740200.773071527,6.191257029e-06,179.243080375214
08007,2224301.51548856,0.000586572645396,20.1335935487191
08009,241668.7464605,0.0002583756335,473.040866344366
08011,138933.827975848,0.000111605038298,52.3749216907529
08013,15019863.4743424,0.000214998505302,51.2699117242046
08014,302125.448306206,1.8549771769e-05,3.98230090660608
08015,223993.174133701,4.037750841e-05,12.6174219340492
08017,16339.4184522773,2.2894621563e-05,138.788465841893
08019,3665721.51002669,0.001382164964015,3.12344244917557
08021,48800.5114238272,2.3638107563e-05,48.1256290588779
08023,117451.139755248,0.000101182199499,24.2847085556182
08025,72325.0178209797,0.000106699679283,11.4915037849175
08027,675221.833920388,0.000422908420771,29.7098338273535
08029,679224.182382712,0.000104078604643,45.7032252811528
08031,91176.4644642619,6.70759241e-07,10.0559370713841
08033,342245.529278081,0.000255446693439,28.1559782566736
08035,24553864.7976068,0.000335697886171,34.3032414934788
08037,355320.623078286,2.3338913328e-05,8.31966540332009
08041,39236448.3958883,0.000327958007711,69.5450212867998
08039,4956303.9438888,0.000587359619991,114.219727994363
08043,2134433.66644433,0.000277938387992,15.5510689317336
08045,1855904.11175123,0.000131867489366,33.0448817282226
08047,1168317.76135775,0.000649330515767,2.17812952033527
08049,426686.490774566,5.3813928038e-05,14.9887538575489
08051,258758.560639764,3.899655081e-05,20.4076683575032
08053,63999.137081762,0.000121628805216,4.95483937233369
08055,636095.052351832,0.000331434949915,9.49604213749314
08057,8845.61970065398,1.5378851325e-05,27.0844367409286
08059,46720403.569674,0.000416434456148,33.4195796116717
08061,60164.266755404,5.3482942471e-05,230.739254002942
08063,29038.7632455107,4.934890952e-06,252.470955740558
08067,10347583.1524878,0.000625939874022,101.235278495948
08065,12451.3935790413,8.311374572e-06,0.944075768186238
08069,14459336.0772413,0.000200931547279,78.4996094413506
08071,1473276.37200078,0.000482834384719,23.0623939619227
08073,84621.7527251858,5.3453073338e-05,232.255018159808
08075,91533.2640069413,1.7123465561e-05,175.543064976079
08077,1368460.16299368,4.3469398258e-05,47.7732797059327
08079,51219.7863784175,6.8037358397e-05,1.35224619175348
08081,1216404.56825925,0.000259063821161,58.6116991492934
08083,1982377.85183403,0.000297507597518,72.8548895755172
08085,340615.262860823,3.4634964992e-05,42.2877201387016
08087,136476.567095079,1.8549537248e-05,116.996891653197
08089,194010.721575463,5.1047894693e-05,30.3444368978655
08091,266548.796404497,0.000159129638013,10.1063696808761
08093,4484333.83924967,0.001008080317094,10.7369469531648
08095,19962.4058922857,7.57311513e-06,105.537967164583
08097,429420.856768387,6.3556631547e-05,7.04300234818024
08099,234306.009750075,8.9483121238e-05,266.897377840309
08101,2021157.99488876,7.2029838796e-05,35.4756136985539
08103,1591453.54261443,0.000592942395317,42.6507754758569
08105,64940.2549555631,1.4172618948e-05,39.0021517197235
08107,616181.712866151,8.7282480095e-05,58.7356251389712
08109,95526.9518195168,4.6213058662e-05,47.4961932054036
08111,24454.190973062,6.1640244619e-05,0.387125084974297
08113,565839.908303618,0.000173691319086,9.4143771510913
08115,18574.8654413243,1.6626391355e-05,58.7688234192354
08117,77577.9280589078,7.126753998e-06,4.41503388429196
08119,10011033.7248477,0.002176792230334,11.0001153393133
08121,68170.2740234125,3.9815692448e-05,358.5091941335
08123,1217506.81110989,2.1089716594e-05,400.525693180841
08125,106970.232280391,3.2873256845e-05,219.600808762973
