"series_key","2020","2021","2022","2023","2024","2025"
"A,I_IUBK,PC_IND,Y16_24,AT",74.65,80.87,77.66,86.26,85.29,84.18
"A,I_IUBK,PC_IND,Y16_24,BE",69.38,72.31,77.31,77.43,79.24,73.64
"A,I_IUBK,PC_IND,Y16_24,BG",12.53,10.96,17.67,20.92,21.12,22.89
"A,I_IUBK,PC_IND,Y16_24,CY",42.56,62.25,46.5,63.99,79.57,72.82
"A,I_IUBK,PC_IND,Y16_24,CZ",61.96,68.03,73.07,77.91,80.69,87.7
"A,I_IUBK,PC_IND,Y16_24,DE",57.89,49.03,45.03,54.82,63.76,70.79
"A,I_IUBK,PC_IND,Y16_24,DK",93.86,94.4,97.29,96.93,98.82,98.31
"A,I_IUBK,PC_IND,Y16_24,EE",87.57,87.13,89.33,90.51,88.91,90.84
"A,I_IUBK,PC_IND,Y16_24,EL",28.59,42.71,49.88,41.5,50.44,64.49
"A,I_IUBK,PC_IND,Y16_24,ES",53.13,52.42,62.07,66.46,69.37,70.66
"A,I_IUBK,PC_IND,Y16_24,FI",86.55,91.53,94.56,92.72,94.24,92.27
"A,I_IUBK,PC_IND,Y16_24,FR",NA,69.34,71.35,70.33,73.47,77.12
"A,I_IUBK,PC_IND,Y16_24,HR",65.83,70.18,66.65,75.64,74.55,76.43
"A,I_IUBK,PC_IND,Y16_24,HU",50.79,53.28,58.85,68.06,71.63,78.19
"A,I_IUBK,PC_IND,Y16_24,IE",NA,NA,NA,78.39,84.29,95.65
"A,I_IUBK,PC_IND,Y16_24,IT",32.83,33.65,38,40.38,45.36,45.92
"A,I_IUBK,PC_IND,Y16_24,LT",79.36,82.7,80.2,87.17,83.47,87.55
"A,I_IUBK,PC_IND,Y16_24,LU",47.72,47.75,57.36,53.38,61.68,54.06
"A,I_IUBK,PC_IND,Y16_24,LV",86.09,86.75,91.57,89.62,90.83,92.6
"A,I_IUBK,PC_IND,Y16_24,MT",67.62,71.28,78.61,79.05,81.77,81.11
"A,I_IUBK,PC_IND,Y16_24,NL",90.74,91.07,90,97.67,96.68,95.67
"A,I_IUBK,PC_IND,Y16_24,PL",41.16,44.5,49.81,54.97,50.62,57.61
"A,I_IUBK,PC_IND,Y16_24,PT",51.49,56.74,63.51,61.09,68.08,62.35
"A,I_IUBK,PC_IND,Y16_24,RO",10.58,10.5,19,19.38,24.19,35.06
"A,I_IUBK,PC_IND,Y16_24,SE",62.03,62.07,61.8,57.88,60.81,52.5
"A,I_IUBK,PC_IND,Y16_24,SI",45.7,48.83,55.53,63.32,71.36,70.79
"A,I_IUBK,PC_IND,Y16_24,SK",56.05,62.53,54.96,56.48,60.4,63.49
"A,I_IUBK,PC_IND,Y25_64,AT",70.49,76.21,78.09,81.38,82.74,82.96
"A,I_IUBK,PC_IND,Y25_64,BE",80.37,79.03,82.64,82.75,87.42,82.5
"A,I_IUBK,PC_IND,Y25_64,BG",15.1,18.37,27.55,28.89,38.85,38.59
"A,I_IUBK,PC_IND,Y25_64,CY",59.68,71.48,73.71,78.66,86.45,85.35
"A,I_IUBK,PC_IND,Y25_64,CZ",79.3,81.64,85.47,88.48,90.75,91.03
"A,I_IUBK,PC_IND,Y25_64,DE",70.76,54.65,52.99,61.78,72.24,75.12
"A,I_IUBK,PC_IND,Y25_64,DK",96.24,95.84,95.15,96.99,98.2,97.58
"A,I_IUBK,PC_IND,Y25_64,EE",85.73,87.28,88.72,89.39,88.78,92.34
"A,I_IUBK,PC_IND,Y25_64,EL",43.23,48.6,57.14,60.95,61.59,70.85
"A,I_IUBK,PC_IND,Y25_64,ES",68.76,72.09,75.75,76.9,80.37,79.92
"A,I_IUBK,PC_IND,Y25_64,FI",96.18,96.71,97.74,97.82,97.43,97.99
"A,I_IUBK,PC_IND,Y25_64,FR",NA,76.42,72.32,76.7,75.09,82
"A,I_IUBK,PC_IND,Y25_64,HR",57.59,62.88,68.14,70.04,71.53,74.88
"A,I_IUBK,PC_IND,Y25_64,HU",57.37,62.75,68.39,72.01,72.88,74.04
"A,I_IUBK,PC_IND,Y25_64,IE",73.78,78.56,88.9,86.49,88.65,96.44
"A,I_IUBK,PC_IND,Y25_64,IT",44.96,51.87,54.99,58.39,61.32,62.53
"A,I_IUBK,PC_IND,Y25_64,LT",74.47,78.74,82.32,81.6,86.34,85.53
"A,I_IUBK,PC_IND,Y25_64,LU",76.03,75.69,73.55,75,80.36,79.3
"A,I_IUBK,PC_IND,Y25_64,LV",81.3,84.48,87.44,89.24,89.71,90.06
"A,I_IUBK,PC_IND,Y25_64,MT",67.29,69.3,71.97,72.31,78.68,82.79
"A,I_IUBK,PC_IND,Y25_64,NL",91,92.45,92.76,96.36,97.27,96.52
"A,I_IUBK,PC_IND,Y25_64,PL",57.22,60.48,63.58,67.23,65.81,66.15
"A,I_IUBK,PC_IND,Y25_64,PT",53.96,60.41,64.65,67.37,71.11,74.6
"A,I_IUBK,PC_IND,Y25_64,RO",13.74,19.21,22.42,26.2,32.86,35.44
"A,I_IUBK,PC_IND,Y25_64,SE",90.34,88.81,88.48,90.12,87.52,87.37
"A,I_IUBK,PC_IND,Y25_64,SI",58.87,64.73,64.32,67.75,70.67,71.54
"A,I_IUBK,PC_IND,Y25_64,SK",64.9,62.65,51.97,63.54,62.92,65.07
"A,I_IUBK,PC_IND,Y65_74,AT",29.35,34.97,41.2,45.52,47.52,53.98
"A,I_IUBK,PC_IND,Y65_74,BE",55,58.89,65.69,66.08,68.28,70.5
"A,I_IUBK,PC_IND,Y65_74,BG",1.62,2.24,3.35,3.46,7.98,6.66
"A,I_IUBK,PC_IND,Y65_74,CY",14.98,24.67,23.2,31.27,46.96,41.27
"A,I_IUBK,PC_IND,Y65_74,CZ",30.66,35.54,42.41,43.73,53.63,53.92
"A,I_IUBK,PC_IND,Y65_74,DE",39.4,29.45,29.65,37.32,44.33,49.74
"A,I_IUBK,PC_IND,Y65_74,DK",85.86,88.91,87.55,91.78,94.55,97.01
"A,I_IUBK,PC_IND,Y65_74,EE",43.15,48.58,52.57,58.32,52.65,60.46
"A,I_IUBK,PC_IND,Y65_74,EL",11.07,12.62,14.96,17.74,22.43,26.87
"A,I_IUBK,PC_IND,Y65_74,ES",32.65,38.24,42.99,46.8,51.17,51.54
"A,I_IUBK,PC_IND,Y65_74,FI",80.73,80.98,82.32,82.48,85.42,87.67
"A,I_IUBK,PC_IND,Y65_74,FR",NA,52.48,45.14,55.66,56.38,63.31
"A,I_IUBK,PC_IND,Y65_74,HR",9.61,15.68,15.2,18.95,18.91,25.43
"A,I_IUBK,PC_IND,Y65_74,HU",23.09,27.24,29.83,34.45,35.89,40.02
"A,I_IUBK,PC_IND,Y65_74,IE",46.71,67.72,44.13,67.17,80.04,86.18
"A,I_IUBK,PC_IND,Y65_74,IT",18.66,23.98,25.85,29.23,33.95,36.7
"A,I_IUBK,PC_IND,Y65_74,LT",23.84,30.97,33.44,39.19,46.53,46.08
"A,I_IUBK,PC_IND,Y65_74,LU",61.27,74.01,60.01,65.46,63.12,63.77
"A,I_IUBK,PC_IND,Y65_74,LV",43.41,54.88,52.43,54.46,58.63,63.51
"A,I_IUBK,PC_IND,Y65_74,MT",17.58,21.4,26.02,34.13,41.76,41.46
"A,I_IUBK,PC_IND,Y65_74,NL",80.57,82.59,81.83,86.72,91.67,90.84
"A,I_IUBK,PC_IND,Y65_74,PL",16.27,18.54,21.8,25.41,22.87,24.33
"A,I_IUBK,PC_IND,Y65_74,PT",15.64,19.13,23.95,23.54,28.76,28.97
"A,I_IUBK,PC_IND,Y65_74,RO",2.07,1.84,4.28,4.51,6.2,8.32
"A,I_IUBK,PC_IND,Y65_74,SE",78.9,77.8,80.03,82.67,82.93,84.93
"A,I_IUBK,PC_IND,Y65_74,SI",20.7,26.96,23.44,27,28.91,35.82
"A,I_IUBK,PC_IND,Y65_74,SK",22.72,28.59,22.61,28.97,31.89,36.02
"A,I_IUCHAT1,PC_IND,Y16_24,AT",98.26,99.17,96.83,95.08,95.88,96.63
"A,I_IUCHAT1,PC_IND,Y16_24,BE",83.55,82.59,80.51,84.26,85.85,78.29
"A,I_IUCHAT1,PC_IND,Y16_24,BG",76.93,82.21,84.77,86.21,81.31,89.23
"A,I_IUCHAT1,PC_IND,Y16_24,CY",99.19,96.38,97.77,98.56,98.59,98.46
"A,I_IUCHAT1,PC_IND,Y16_24,CZ",95.12,97.22,98.04,98.85,97.81,98.2
"A,I_IUCHAT1,PC_IND,Y16_24,DE",94.95,77.62,72.76,77.64,90.24,91.25
"A,I_IUCHAT1,PC_IND,Y16_24,DK",97.61,97.56,97.21,96.78,97.19,98.17
"A,I_IUCHAT1,PC_IND,Y16_24,EE",94.36,91.2,94.16,97.25,93.1,93.62
"A,I_IUCHAT1,PC_IND,Y16_24,EL",85.3,88.06,91.89,92.9,90.16,92.94
"A,I_IUCHAT1,PC_IND,Y16_24,ES",98.48,97.52,98.18,98.32,98.03,99.25
"A,I_IUCHAT1,PC_IND,Y16_24,FI",94.06,94.22,92.03,93.65,89.14,97.36
"A,I_IUCHAT1,PC_IND,Y16_24,FR",NA,86.21,90.12,85.47,86.04,90.53
"A,I_IUCHAT1,PC_IND,Y16_24,HR",96.63,99.7,97.02,99.12,93.03,97.19
"A,I_IUCHAT1,PC_IND,Y16_24,HU",95.94,97.08,95.62,97.97,96.24,87.77
"A,I_IUCHAT1,PC_IND,Y16_24,IE",NA,NA,NA,79.18,97.51,93.69
"A,I_IUCHAT1,PC_IND,Y16_24,IT",88.75,90.83,92.1,93.67,93.01,94.73
"A,I_IUCHAT1,PC_IND,Y16_24,LT",90.3,95.01,93.58,91.71,93.47,95.65
"A,I_IUCHAT1,PC_IND,Y16_24,LU",86.04,84.78,78.17,76.98,79.87,77.6
"A,I_IUCHAT1,PC_IND,Y16_24,LV",91.07,93.45,93.89,94.9,92.18,92.01
"A,I_IUCHAT1,PC_IND,Y16_24,MT",99.37,98.95,100,95.85,97.21,97.96
"A,I_IUCHAT1,PC_IND,Y16_24,NL",95.85,94.68,93.12,99.57,99.68,99.69
"A,I_IUCHAT1,PC_IND,Y16_24,PL",85.89,88.75,90.84,91.44,94.09,96
"A,I_IUCHAT1,PC_IND,Y16_24,PT",96.62,96.42,97.27,97.24,97.12,96.94
"A,I_IUCHAT1,PC_IND,Y16_24,RO",65.45,73.86,76.09,80.26,77.61,86.17
"A,I_IUCHAT1,PC_IND,Y16_24,SE",83.56,87.08,85.67,85.04,88.87,86.12
"A,I_IUCHAT1,PC_IND,Y16_24,SI",90.56,85.74,85.6,87.34,93.25,93.4
"A,I_IUCHAT1,PC_IND,Y16_24,SK",89.34,85.47,80.52,85.71,83.83,86.69
"A,I_IUCHAT1,PC_IND,Y25_64,AT",81.86,87.86,90.41,91.25,90.32,90.88
"A,I_IUCHAT1,PC_IND,Y25_64,BE",67.65,66.39,72.32,69.76,77.05,72.97
"A,I_IUCHAT1,PC_IND,Y25_64,BG",53.34,62.33,66.88,71.39,71.58,76.48
"A,I_IUCHAT1,PC_IND,Y25_64,CY",87.82,89.65,87.26,92.26,95.2,94.51
"A,I_IUCHAT1,PC_IND,Y25_64,CZ",72.18,80.29,84.5,90.37,91.04,92.99
"A,I_IUCHAT1,PC_IND,Y25_64,DE",83.18,63.93,62.97,68.86,82.83,85.57
"A,I_IUCHAT1,PC_IND,Y25_64,DK",89.15,90.04,89.13,93.95,92.96,94.68
"A,I_IUCHAT1,PC_IND,Y25_64,EE",74.96,75.48,75.84,80.45,79.52,82.9
"A,I_IUCHAT1,PC_IND,Y25_64,EL",62.49,67.37,70.81,73.76,76.3,84.38
"A,I_IUCHAT1,PC_IND,Y25_64,ES",93.01,93.11,94.45,94.78,95.18,96.37
"A,I_IUCHAT1,PC_IND,Y25_64,FI",88.14,89.12,88.16,89.62,87.28,95.54
"A,I_IUCHAT1,PC_IND,Y25_64,FR",NA,65.41,64,68.17,70.86,77.69
"A,I_IUCHAT1,PC_IND,Y25_64,HR",79.51,83.19,84.29,83.56,84.22,86.73
"A,I_IUCHAT1,PC_IND,Y25_64,HU",77.67,83.31,83.57,87.83,85.97,78.07
"A,I_IUCHAT1,PC_IND,Y25_64,IE",76.7,86.51,88.02,86.06,87.59,91.35
"A,I_IUCHAT1,PC_IND,Y25_64,IT",75.61,79.62,82,84.06,86.08,87.1
"A,I_IUCHAT1,PC_IND,Y25_64,LT",68.99,74.56,76.72,79.98,81.72,82.1
"A,I_IUCHAT1,PC_IND,Y25_64,LU",74.99,73.66,67.33,70.05,77.35,77
"A,I_IUCHAT1,PC_IND,Y25_64,LV",73.76,79.47,82.83,84.37,86.34,87.15
"A,I_IUCHAT1,PC_IND,Y25_64,MT",85.85,88.05,88.41,78.01,92.49,95.26
"A,I_IUCHAT1,PC_IND,Y25_64,NL",92.11,93.12,93.97,98.01,98.45,98.21
"A,I_IUCHAT1,PC_IND,Y25_64,PL",55.88,62.1,69.05,68.68,76.7,80.58
"A,I_IUCHAT1,PC_IND,Y25_64,PT",75.7,81.19,83.25,85.52,88.28,89.83
"A,I_IUCHAT1,PC_IND,Y25_64,RO",47.46,57.27,58.92,67.91,66.17,75.52
"A,I_IUCHAT1,PC_IND,Y25_64,SE",82.69,80.49,82.44,83.13,82.52,87.15
"A,I_IUCHAT1,PC_IND,Y25_64,SI",62.61,68.46,68.77,70.51,75.26,76.65
"A,I_IUCHAT1,PC_IND,Y25_64,SK",69.92,67.93,67.09,70.2,69.97,73.73
"A,I_IUCHAT1,PC_IND,Y65_74,AT",44.08,50.08,61.17,63.99,63.3,66.9
"A,I_IUCHAT1,PC_IND,Y65_74,BE",32.68,30.34,40.45,40.59,46.27,49.35
"A,I_IUCHAT1,PC_IND,Y65_74,BG",11.5,15.07,22.86,29.68,28.65,37.76
"A,I_IUCHAT1,PC_IND,Y65_74,CY",41.34,47.32,36.28,47.4,67.99,60.16
"A,I_IUCHAT1,PC_IND,Y65_74,CZ",19.28,27.43,35.18,41.55,51.45,56.04
"A,I_IUCHAT1,PC_IND,Y65_74,DE",44.7,35.48,35.26,43.02,58.42,62.88
"A,I_IUCHAT1,PC_IND,Y65_74,DK",68.91,70.12,67.24,77.16,72.12,84.06
"A,I_IUCHAT1,PC_IND,Y65_74,EE",28.05,29.98,31.2,38.47,34.14,41.8
"A,I_IUCHAT1,PC_IND,Y65_74,EL",15.46,20.62,22.41,28.55,34.07,38.12
"A,I_IUCHAT1,PC_IND,Y65_74,ES",61.13,67.13,71.18,75.04,77.42,81.97
"A,I_IUCHAT1,PC_IND,Y65_74,FI",52.84,56.98,56.7,59.91,61.01,73.95
"A,I_IUCHAT1,PC_IND,Y65_74,FR",NA,34.61,31.33,39.38,42.99,51.2
"A,I_IUCHAT1,PC_IND,Y65_74,HR",20.46,29.46,31.88,35.68,36.13,45.05
"A,I_IUCHAT1,PC_IND,Y65_74,HU",35.26,43.97,45.73,52.7,51.55,48
"A,I_IUCHAT1,PC_IND,Y65_74,IE",52.69,71.89,42.59,62.99,70.79,74.56
"A,I_IUCHAT1,PC_IND,Y65_74,IT",36.7,43.6,48.41,51.23,58.5,63.86
"A,I_IUCHAT1,PC_IND,Y65_74,LT",21.63,28.91,32.33,38.52,42.68,44.1
"A,I_IUCHAT1,PC_IND,Y65_74,LU",41.8,57.08,38.93,41.67,46.22,56.9
"A,I_IUCHAT1,PC_IND,Y65_74,LV",30.38,40.89,43.54,45.37,53.22,59.14
"A,I_IUCHAT1,PC_IND,Y65_74,MT",38.71,40.72,48.17,44.21,61.04,65.34
"A,I_IUCHAT1,PC_IND,Y65_74,NL",75.86,82.56,81.99,89.51,92.93,93.15
"A,I_IUCHAT1,PC_IND,Y65_74,PL",14.98,20.84,25.85,28.81,33.12,36.03
"A,I_IUCHAT1,PC_IND,Y65_74,PT",28.74,35.23,39.93,40.07,48.34,48.44
"A,I_IUCHAT1,PC_IND,Y65_74,RO",15.34,21.19,26.44,36.9,36.48,47.55
"A,I_IUCHAT1,PC_IND,Y65_74,SE",42.18,42.69,47.59,49.75,52.4,62.52
"A,I_IUCHAT1,PC_IND,Y65_74,SI",22.01,28.42,27.07,31.52,33.53,45.37
"A,I_IUCHAT1,PC_IND,Y65_74,SK",26.3,29.36,32.23,30.77,35.16,40.92
"A,I_IUOLC,PC_IND,Y16_24,AT",33.58,42.32,37.79,23.25,23.97,27.52
"A,I_IUOLC,PC_IND,Y16_24,BE",39.07,58.31,37.56,30.37,29.07,24.96
"A,I_IUOLC,PC_IND,Y16_24,BG",28.59,28.52,39.03,26.46,24.13,31.57
"A,I_IUOLC,PC_IND,Y16_24,CY",65.73,63.77,52.08,27.93,21.6,35.59
"A,I_IUOLC,PC_IND,Y16_24,CZ",31.6,55.54,34.27,33.74,42.41,35.49
"A,I_IUOLC,PC_IND,Y16_24,DE",17.48,23.61,13.42,11.63,11.78,11.11
"A,I_IUOLC,PC_IND,Y16_24,DK",19.46,25.93,12.36,14.04,11.4,9.54
"A,I_IUOLC,PC_IND,Y16_24,EE",39.92,51.91,33.5,37.01,27.28,26.13
"A,I_IUOLC,PC_IND,Y16_24,EL",48.9,73.2,49.95,28.09,42.72,48.05
"A,I_IUOLC,PC_IND,Y16_24,ES",49.05,45.4,33.62,30.74,36.7,32.68
"A,I_IUOLC,PC_IND,Y16_24,FI",68.02,64.99,60.85,58.49,61.63,57.56
"A,I_IUOLC,PC_IND,Y16_24,FR",NA,51.16,37.59,32.11,26.95,18.2
"A,I_IUOLC,PC_IND,Y16_24,HR",26.31,17.08,14.05,7.13,11.42,29.74
"A,I_IUOLC,PC_IND,Y16_24,HU",22.33,24.35,17.16,13.83,13.46,52.31
"A,I_IUOLC,PC_IND,Y16_24,IE",NA,NA,NA,39.5,32.37,21.5
"A,I_IUOLC,PC_IND,Y16_24,IT",27.06,34.52,37.01,27.94,26.86,27.39
"A,I_IUOLC,PC_IND,Y16_24,LT",55.9,31.43,25.08,21.21,23.82,19.9
"A,I_IUOLC,PC_IND,Y16_24,LU",59.44,51.26,17.94,15.86,14.32,12.06
"A,I_IUOLC,PC_IND,Y16_24,LV",25.59,28.63,15.6,17.18,17.78,13.54
"A,I_IUOLC,PC_IND,Y16_24,MT",38.46,69.8,45.33,49.9,34.21,35.82
"A,I_IUOLC,PC_IND,Y16_24,NL",25.36,78.01,59.43,35.23,36.24,28.34
"A,I_IUOLC,PC_IND,Y16_24,PL",16.4,26.25,9.87,11.97,11.8,11.72
"A,I_IUOLC,PC_IND,Y16_24,PT",25.53,32.3,16.15,18.68,14.78,17.35
"A,I_IUOLC,PC_IND,Y16_24,RO",12.99,24.31,13.65,9.59,9.19,7.17
"A,I_IUOLC,PC_IND,Y16_24,SE",30.51,30.98,20.23,19.32,16.36,22.92
"A,I_IUOLC,PC_IND,Y16_24,SI",12.58,73.27,51.88,33.1,36.66,34.21
"A,I_IUOLC,PC_IND,Y16_24,SK",19.88,27.2,20.74,17.73,24.04,16.33
"A,I_IUOLC,PC_IND,Y25_64,AT",14.87,21.9,20.03,17.55,19.73,18.61
"A,I_IUOLC,PC_IND,Y25_64,BE",16.54,24.44,21.19,21.51,20.71,18.95
"A,I_IUOLC,PC_IND,Y25_64,BG",5.1,5.29,4.59,6.85,5.99,8.13
"A,I_IUOLC,PC_IND,Y25_64,CY",13.11,14.77,12.1,11.27,9.06,16.93
"A,I_IUOLC,PC_IND,Y25_64,CZ",7.7,15.3,17.41,20.13,21.73,20.24
"A,I_IUOLC,PC_IND,Y25_64,DE",12.69,11.97,10.51,9.83,11.34,11.5
"A,I_IUOLC,PC_IND,Y25_64,DK",19.05,25.3,17.57,17.93,17.92,16.88
"A,I_IUOLC,PC_IND,Y25_64,EE",22.33,33.41,28.47,28.87,25.51,25.32
"A,I_IUOLC,PC_IND,Y25_64,EL",10.04,21.84,18.16,11.63,19.81,21.25
"A,I_IUOLC,PC_IND,Y25_64,ES",26.55,29.05,30.48,29.97,33.46,30.19
"A,I_IUOLC,PC_IND,Y25_64,FI",28.13,30.55,30.64,30.14,31.99,29.08
"A,I_IUOLC,PC_IND,Y25_64,FR",NA,13.45,12.88,12.15,13.59,11.42
"A,I_IUOLC,PC_IND,Y25_64,HR",11.23,13.26,12.68,8.99,13.57,10.83
"A,I_IUOLC,PC_IND,Y25_64,HU",12.67,11.79,12.84,13.04,13.13,22.89
"A,I_IUOLC,PC_IND,Y25_64,IE",19.07,32.31,31.09,28.46,39.5,34.08
"A,I_IUOLC,PC_IND,Y25_64,IT",13.86,20.62,19.2,18.61,19.68,21.28
"A,I_IUOLC,PC_IND,Y25_64,LT",12.46,17.18,15.98,16.56,18.58,17.02
"A,I_IUOLC,PC_IND,Y25_64,LU",17.78,25.65,21.14,20.79,24.27,22.47
"A,I_IUOLC,PC_IND,Y25_64,LV",8.68,17.51,15.36,14.47,13.87,13.74
"A,I_IUOLC,PC_IND,Y25_64,MT",19.58,24.82,22.7,23.3,22.38,23.06
"A,I_IUOLC,PC_IND,Y25_64,NL",18.61,40.92,36.02,32.67,35.01,32.29
"A,I_IUOLC,PC_IND,Y25_64,PL",6.77,11.46,9.65,10.69,11.53,12.44
"A,I_IUOLC,PC_IND,Y25_64,PT",15.03,22.24,19.3,17.92,20.54,20.81
"A,I_IUOLC,PC_IND,Y25_64,RO",1.93,2.31,1.93,2.9,2.82,2.39
"A,I_IUOLC,PC_IND,Y25_64,SE",25.12,30.4,28.01,25.93,24.09,26.7
"A,I_IUOLC,PC_IND,Y25_64,SI",10.67,36.24,26.83,22.08,22.98,23.41
"A,I_IUOLC,PC_IND,Y25_64,SK",9.24,16.33,16.43,16.65,15,14.22
"A,I_IUOLC,PC_IND,Y65_74,AT",2.52,3.99,3.09,4.98,4.32,4.05
"A,I_IUOLC,PC_IND,Y65_74,BE",3.64,5.49,3.89,5.25,4.4,4.32
"A,I_IUOLC,PC_IND,Y65_74,BG",0.21,0.3,0.41,0.18,NA,1.05
"A,I_IUOLC,PC_IND,Y65_74,CY",0.59,0.59,0.61,0.62,NA,1.76
"A,I_IUOLC,PC_IND,Y65_74,CZ",1.12,2.17,2.77,1.82,3.66,3.59
"A,I_IUOLC,PC_IND,Y65_74,DE",1.15,2.26,1.93,2.03,2.88,2.63
"A,I_IUOLC,PC_IND,Y65_74,DK",3.07,4.51,3.16,4.15,4.92,4.15
"A,I_IUOLC,PC_IND,Y65_74,EE",3.48,5.67,5.3,8.32,6.69,8.12
"A,I_IUOLC,PC_IND,Y65_74,EL",0.96,2.99,2.34,1.09,NA,4.78
"A,I_IUOLC,PC_IND,Y65_74,ES",4.63,4.32,3.79,6.11,6.57,6.46
"A,I_IUOLC,PC_IND,Y65_74,FI",4.27,6.58,5.49,4.3,5.48,4.06
"A,I_IUOLC,PC_IND,Y65_74,FR",NA,3.36,3.11,2.97,4.1,4.64
"A,I_IUOLC,PC_IND,Y65_74,HR",0.98,0.73,1.21,0.55,NA,0.54
"A,I_IUOLC,PC_IND,Y65_74,HU",2.69,2.61,3.21,3.38,2.13,6.58
"A,I_IUOLC,PC_IND,Y65_74,IE",3.11,18.03,5.68,9.58,17.06,12.44
"A,I_IUOLC,PC_IND,Y65_74,IT",1.48,3.34,3.53,3.68,4.02,4.64
"A,I_IUOLC,PC_IND,Y65_74,LT",1.69,1.54,1.2,1.74,3.23,2.3
"A,I_IUOLC,PC_IND,Y65_74,LU",1.66,10.01,2.96,3.51,NA,5.41
"A,I_IUOLC,PC_IND,Y65_74,LV",1.58,3.83,2.07,2.29,2.85,3.37
"A,I_IUOLC,PC_IND,Y65_74,MT",2.02,2.19,3.61,6.97,3.86,2.05
"A,I_IUOLC,PC_IND,Y65_74,NL",4.26,8.08,7.77,7.72,8.74,10.15
"A,I_IUOLC,PC_IND,Y65_74,PL",0.54,1.48,1.43,1.26,0.8,0.95
"A,I_IUOLC,PC_IND,Y65_74,PT",1.59,2.56,3.5,2.33,2.33,3.83
"A,I_IUOLC,PC_IND,Y65_74,RO",0.51,0.33,0.18,0.16,NA,0.14
"A,I_IUOLC,PC_IND,Y65_74,SE",3.42,5.79,6.58,5.16,5.39,5.73
"A,I_IUOLC,PC_IND,Y65_74,SI",0.97,8.03,4.34,3.63,4.37,5.25
"A,I_IUOLC,PC_IND,Y65_74,SK",0.47,2.77,1.55,3.08,3.72,2.79
"A,I_IUSNET,PC_IND,Y16_24,AT",95.46,89.78,93.33,88.98,90.43,98.75
"A,I_IUSNET,PC_IND,Y16_24,BE",94.61,89.21,85.26,90.66,87.82,87.5
"A,I_IUSNET,PC_IND,Y16_24,BG",81.31,86.8,89.08,88.09,85.35,89.86
"A,I_IUSNET,PC_IND,Y16_24,CY",94.67,95.16,96.46,96.87,97.02,97.91
"A,I_IUSNET,PC_IND,Y16_24,CZ",95.09,95.36,96.34,98.18,99.33,97.58
"A,I_IUSNET,PC_IND,Y16_24,DE",88.54,77.95,76.55,73.06,83.99,85.37
"A,I_IUSNET,PC_IND,Y16_24,DK",96.77,97.12,97.84,98.59,97.83,97.33
"A,I_IUSNET,PC_IND,Y16_24,EE",94.24,94.33,92.39,93.63,89.46,92.6
"A,I_IUSNET,PC_IND,Y16_24,EL",89.52,94.42,93.31,94.4,97.08,91.63
"A,I_IUSNET,PC_IND,Y16_24,ES",93.02,93.19,92.6,90.02,90.4,92.64
"A,I_IUSNET,PC_IND,Y16_24,FI",92.04,93.86,92.74,93.42,94.22,97.75
"A,I_IUSNET,PC_IND,Y16_24,FR",NA,71.2,72.99,70.91,NA,94.9
"A,I_IUSNET,PC_IND,Y16_24,HR",94.49,96.72,94.48,93.99,89.38,90.82
"A,I_IUSNET,PC_IND,Y16_24,HU",96.42,95.75,97.01,96.43,96.37,93.63
"A,I_IUSNET,PC_IND,Y16_24,IE",NA,NA,NA,91.51,95.43,93.14
"A,I_IUSNET,PC_IND,Y16_24,IT",78.57,79.47,80.71,80.67,81.78,81.36
"A,I_IUSNET,PC_IND,Y16_24,LT",90.03,90.34,91.75,89.11,85.43,90.63
"A,I_IUSNET,PC_IND,Y16_24,LU",79.96,82.71,76.89,77.99,88.5,82.73
"A,I_IUSNET,PC_IND,Y16_24,LV",91.54,93.02,94.58,93.29,92.13,94.11
"A,I_IUSNET,PC_IND,Y16_24,MT",92.65,93.75,95.47,98.78,93.7,97.97
"A,I_IUSNET,PC_IND,Y16_24,NL",92.11,90.51,90.27,94.41,96.45,95
"A,I_IUSNET,PC_IND,Y16_24,PL",91.4,90.99,93.25,93.02,90.09,91.66
"A,I_IUSNET,PC_IND,Y16_24,PT",95.65,94.6,95.55,94.13,92.66,90.95
"A,I_IUSNET,PC_IND,Y16_24,RO",86.02,88.93,87.13,89.07,89.21,93.63
"A,I_IUSNET,PC_IND,Y16_24,SE",85.31,84.66,81.29,85.76,88.83,89.1
"A,I_IUSNET,PC_IND,Y16_24,SI",95.19,91.25,90.02,95.5,92.3,93.21
"A,I_IUSNET,PC_IND,Y16_24,SK",90.27,91.91,80.23,85.95,84.56,93.39
"A,I_IUSNET,PC_IND,Y25_64,AT",60.09,58.26,62.99,66.45,67.61,70.21
"A,I_IUSNET,PC_IND,Y25_64,BE",81.61,64.5,70.29,70.39,76.16,70.29
"A,I_IUSNET,PC_IND,Y25_64,BG",60.82,66.38,69.2,71.31,72.07,77.4
"A,I_IUSNET,PC_IND,Y25_64,CY",82.34,82.74,82.24,86.75,90.93,90.2
"A,I_IUSNET,PC_IND,Y25_64,CZ",63.58,66.89,69.45,73.85,75.24,74.99
"A,I_IUSNET,PC_IND,Y25_64,DE",55.29,47.56,49.26,51.05,61.13,62.15
"A,I_IUSNET,PC_IND,Y25_64,DK",87.73,87.6,87.15,93.68,92.09,91.36
"A,I_IUSNET,PC_IND,Y25_64,EE",68.55,71.41,69.7,72.03,73.08,77.28
"A,I_IUSNET,PC_IND,Y25_64,EL",64.18,66.94,69.9,72.68,73.9,78.73
"A,I_IUSNET,PC_IND,Y25_64,ES",66.5,66.46,64.51,66.16,66.49,71.7
"A,I_IUSNET,PC_IND,Y25_64,FI",79.47,78.75,79.84,84.19,82.84,85.94
"A,I_IUSNET,PC_IND,Y25_64,FR",NA,45.67,44.86,44.72,NA,72.91
"A,I_IUSNET,PC_IND,Y25_64,HR",61.59,65.49,65.46,66.93,67.38,67.09
"A,I_IUSNET,PC_IND,Y25_64,HU",78.05,81.57,83.17,85.83,84.52,81.79
"A,I_IUSNET,PC_IND,Y25_64,IE",66.06,73.73,79,73.56,75.51,83.03
"A,I_IUSNET,PC_IND,Y25_64,IT",50.82,52.78,55.78,55.6,58.68,58.9
"A,I_IUSNET,PC_IND,Y25_64,LT",65.18,68.78,71.72,72.6,75.29,74.66
"A,I_IUSNET,PC_IND,Y25_64,LU",60,62.74,63.09,64.3,69.51,69.61
"A,I_IUSNET,PC_IND,Y25_64,LV",70.83,73.74,75.68,77.67,78.27,82.81
"A,I_IUSNET,PC_IND,Y25_64,MT",76.97,79.92,80.15,89.42,80.44,85.16
"A,I_IUSNET,PC_IND,Y25_64,NL",72.78,75.95,76.26,78.57,82.25,82.99
"A,I_IUSNET,PC_IND,Y25_64,PL",57.26,60.34,64.4,67.18,66.28,68.26
"A,I_IUSNET,PC_IND,Y25_64,PT",66.44,69.79,70.98,72.83,74.86,75.46
"A,I_IUSNET,PC_IND,Y25_64,RO",68.91,73.4,72.98,80.33,78.67,83
"A,I_IUSNET,PC_IND,Y25_64,SE",76.27,75.3,74.76,77.22,75.91,77.52
"A,I_IUSNET,PC_IND,Y25_64,SI",70.93,67.19,67.39,66.57,68.92,68.6
"A,I_IUSNET,PC_IND,Y25_64,SK",67.55,68.06,60.8,60.1,60.55,64.55
"A,I_IUSNET,PC_IND,Y65_74,AT",20.6,20.24,23.33,23.18,26.12,28.5
"A,I_IUSNET,PC_IND,Y65_74,BE",49.08,27.53,37.79,37.2,39.53,38.76
"A,I_IUSNET,PC_IND,Y65_74,BG",11.77,15.86,21.74,22.4,24.75,34.33
"A,I_IUSNET,PC_IND,Y65_74,CY",32.84,33.74,32.21,42.68,54.34,57.7
"A,I_IUSNET,PC_IND,Y65_74,CZ",13.49,13.89,17.96,20.75,25.55,24.98
"A,I_IUSNET,PC_IND,Y65_74,DE",16.84,15.17,16.19,17.21,22.7,24.59
"A,I_IUSNET,PC_IND,Y65_74,DK",60.45,63.27,59.97,70.31,72.06,73.37
"A,I_IUSNET,PC_IND,Y65_74,EE",24.4,25.92,27.94,30.76,28.26,32.99
"A,I_IUSNET,PC_IND,Y65_74,EL",12.81,16.7,19.73,25.98,22.5,33.13
"A,I_IUSNET,PC_IND,Y65_74,ES",28.02,28.34,28.94,31.56,30.86,36.18
"A,I_IUSNET,PC_IND,Y65_74,FI",45.69,45.39,44.52,47.44,50.49,48.58
"A,I_IUSNET,PC_IND,Y65_74,FR",NA,17.27,16.77,17.07,NA,38.92
"A,I_IUSNET,PC_IND,Y65_74,HR",10.43,15.86,15.85,19.01,19.62,19.81
"A,I_IUSNET,PC_IND,Y65_74,HU",36.72,43.17,43.67,49.47,53.16,52.77
"A,I_IUSNET,PC_IND,Y65_74,IE",34.31,45.58,23.81,32.1,42.78,39.56
"A,I_IUSNET,PC_IND,Y65_74,IT",15.27,17.48,20.14,21.09,24.31,26.15
"A,I_IUSNET,PC_IND,Y65_74,LT",18.91,25.25,26.39,33.33,34.19,36.88
"A,I_IUSNET,PC_IND,Y65_74,LU",29.14,29.81,33.63,31.3,33.62,36.55
"A,I_IUSNET,PC_IND,Y65_74,LV",28.59,33.73,33.46,38.91,41.35,52.99
"A,I_IUSNET,PC_IND,Y65_74,MT",31.28,37.14,36.04,53.57,43.02,51.34
"A,I_IUSNET,PC_IND,Y65_74,NL",43,44,47.55,49.16,53.03,58.99
"A,I_IUSNET,PC_IND,Y65_74,PL",13.23,16.52,19.74,21.31,21.28,22.06
"A,I_IUSNET,PC_IND,Y65_74,PT",22.93,25.98,28.16,29.78,36.37,35.18
"A,I_IUSNET,PC_IND,Y65_74,RO",22.84,28.34,34.2,42.46,45.74,54.21
"A,I_IUSNET,PC_IND,Y65_74,SE",45.02,40.56,42.35,42.01,43.24,45.69
"A,I_IUSNET,PC_IND,Y65_74,SI",25.65,26.2,23.88,26.73,25.44,31.27
"A,I_IUSNET,PC_IND,Y65_74,SK",24.05,22.82,23.49,21.06,20.34,29.01
