"country_code","country","year","age_group","online_shopping"
"AT","Austria",2020,"Y16_24",87.43
"AT","Austria",2020,"Y25_64",69.18
"AT","Austria",2020,"Y65_74",28.32
"AT","Austria",2021,"Y16_24",77.82
"AT","Austria",2021,"Y25_64",66.6
"AT","Austria",2021,"Y65_74",30.31
"AT","Austria",2022,"Y16_24",81.19
"AT","Austria",2022,"Y25_64",69.58
"AT","Austria",2022,"Y65_74",29.27
"AT","Austria",2023,"Y16_24",84.39
"AT","Austria",2023,"Y25_64",76.33
"AT","Austria",2023,"Y65_74",37.94
"AT","Austria",2024,"Y16_24",78.14
"AT","Austria",2024,"Y25_64",75.44
"AT","Austria",2024,"Y65_74",38.49
"AT","Austria",2025,"Y16_24",88.33
"AT","Austria",2025,"Y25_64",75.54
"AT","Austria",2025,"Y65_74",44.2
"BE","Belgium",2020,"Y16_24",80.85
"BE","Belgium",2020,"Y25_64",76.94
"BE","Belgium",2020,"Y65_74",42.65
"BE","Belgium",2021,"Y16_24",87.87
"BE","Belgium",2021,"Y25_64",78.1
"BE","Belgium",2021,"Y65_74",47.59
"BE","Belgium",2022,"Y16_24",82.68
"BE","Belgium",2022,"Y25_64",79.08
"BE","Belgium",2022,"Y65_74",45.27
"BE","Belgium",2023,"Y16_24",83.93
"BE","Belgium",2023,"Y25_64",78.8
"BE","Belgium",2023,"Y65_74",49.14
"BE","Belgium",2024,"Y16_24",81.78
"BE","Belgium",2024,"Y25_64",80.87
"BE","Belgium",2024,"Y65_74",48.5
"BE","Belgium",2025,"Y16_24",89.32
"BE","Belgium",2025,"Y25_64",82.79
"BE","Belgium",2025,"Y65_74",50.54
"BG","Bulgaria",2020,"Y16_24",47.72
"BG","Bulgaria",2020,"Y25_64",34.79
"BG","Bulgaria",2020,"Y65_74",3.8
"BG","Bulgaria",2021,"Y16_24",45.04
"BG","Bulgaria",2021,"Y25_64",37.38
"BG","Bulgaria",2021,"Y65_74",6.72
"BG","Bulgaria",2022,"Y16_24",56.49
"BG","Bulgaria",2022,"Y25_64",45.98
"BG","Bulgaria",2022,"Y65_74",6.64
"BG","Bulgaria",2023,"Y16_24",63.05
"BG","Bulgaria",2023,"Y25_64",51.56
"BG","Bulgaria",2023,"Y65_74",9.81
"BG","Bulgaria",2024,"Y16_24",59.85
"BG","Bulgaria",2024,"Y25_64",57.21
"BG","Bulgaria",2024,"Y65_74",14.37
"BG","Bulgaria",2025,"Y16_24",67.74
"BG","Bulgaria",2025,"Y25_64",57.07
"BG","Bulgaria",2025,"Y65_74",17.74
"CY","Cyprus",2020,"Y16_24",59.89
"CY","Cyprus",2020,"Y25_64",50.76
"CY","Cyprus",2020,"Y65_74",9.93
"CY","Cyprus",2021,"Y16_24",70.94
"CY","Cyprus",2021,"Y25_64",57.47
"CY","Cyprus",2021,"Y65_74",12.82
"CY","Cyprus",2022,"Y16_24",63.3
"CY","Cyprus",2022,"Y25_64",54.26
"CY","Cyprus",2022,"Y65_74",10.69
"CY","Cyprus",2023,"Y16_24",68.14
"CY","Cyprus",2023,"Y25_64",62.35
"CY","Cyprus",2023,"Y65_74",12.1
"CY","Cyprus",2024,"Y16_24",82.12
"CY","Cyprus",2024,"Y25_64",69.93
"CY","Cyprus",2024,"Y65_74",18.86
"CY","Cyprus",2025,"Y16_24",77.16
"CY","Cyprus",2025,"Y25_64",70.01
"CY","Cyprus",2025,"Y65_74",16.39
"CZ","Czechia",2020,"Y16_24",85.45
"CZ","Czechia",2020,"Y25_64",78.6
"CZ","Czechia",2020,"Y65_74",30.41
"CZ","Czechia",2021,"Y16_24",86.51
"CZ","Czechia",2021,"Y25_64",82.71
"CZ","Czechia",2021,"Y65_74",34.97
"CZ","Czechia",2022,"Y16_24",90.28
"CZ","Czechia",2022,"Y25_64",83.71
"CZ","Czechia",2022,"Y65_74",37.74
"CZ","Czechia",2023,"Y16_24",90.59
"CZ","Czechia",2023,"Y25_64",85.05
"CZ","Czechia",2023,"Y65_74",35.95
"CZ","Czechia",2024,"Y16_24",92.93
"CZ","Czechia",2024,"Y25_64",87.96
"CZ","Czechia",2024,"Y65_74",42.16
"CZ","Czechia",2025,"Y16_24",97.26
"CZ","Czechia",2025,"Y25_64",89.34
"CZ","Czechia",2025,"Y65_74",46.3
"DE","Germany",2020,"Y16_24",85.55
"DE","Germany",2020,"Y25_64",87.5
"DE","Germany",2020,"Y65_74",52.62
"DE","Germany",2021,"Y16_24",84.23
"DE","Germany",2021,"Y25_64",79.79
"DE","Germany",2021,"Y65_74",49.83
"DE","Germany",2022,"Y16_24",80.31
"DE","Germany",2022,"Y25_64",80.43
"DE","Germany",2022,"Y65_74",51.64
"DE","Germany",2023,"Y16_24",81.21
"DE","Germany",2023,"Y25_64",81.76
"DE","Germany",2023,"Y65_74",53.92
"DE","Germany",2024,"Y16_24",81.36
"DE","Germany",2024,"Y25_64",82.02
"DE","Germany",2024,"Y65_74",55.58
"DE","Germany",2025,"Y16_24",84.33
"DE","Germany",2025,"Y25_64",85.19
"DE","Germany",2025,"Y65_74",61.01
"DK","Denmark",2020,"Y16_24",97.15
"DK","Denmark",2020,"Y25_64",91.31
"DK","Denmark",2020,"Y65_74",72.05
"DK","Denmark",2021,"Y16_24",96.08
"DK","Denmark",2021,"Y25_64",92.67
"DK","Denmark",2021,"Y65_74",76.8
"DK","Denmark",2022,"Y16_24",93.15
"DK","Denmark",2022,"Y25_64",90.58
"DK","Denmark",2022,"Y65_74",72.51
"DK","Denmark",2023,"Y16_24",93.22
"DK","Denmark",2023,"Y25_64",90.89
"DK","Denmark",2023,"Y65_74",75.5
"DK","Denmark",2024,"Y16_24",94.37
"DK","Denmark",2024,"Y25_64",92.67
"DK","Denmark",2024,"Y65_74",78.45
"DK","Denmark",2025,"Y16_24",92.28
"DK","Denmark",2025,"Y25_64",92.76
"DK","Denmark",2025,"Y65_74",82.29
"EE","Estonia",2020,"Y16_24",86.8
"EE","Estonia",2020,"Y25_64",74.54
"EE","Estonia",2020,"Y65_74",22.04
"EE","Estonia",2021,"Y16_24",87.01
"EE","Estonia",2021,"Y25_64",76.25
"EE","Estonia",2021,"Y65_74",27.91
"EE","Estonia",2022,"Y16_24",86.94
"EE","Estonia",2022,"Y25_64",76.57
"EE","Estonia",2022,"Y65_74",30.31
"EE","Estonia",2023,"Y16_24",87.45
"EE","Estonia",2023,"Y25_64",78.75
"EE","Estonia",2023,"Y65_74",33.94
"EE","Estonia",2024,"Y16_24",86.46
"EE","Estonia",2024,"Y25_64",79.27
"EE","Estonia",2024,"Y65_74",31.77
"EE","Estonia",2025,"Y16_24",87.84
"EE","Estonia",2025,"Y25_64",82.93
"EE","Estonia",2025,"Y65_74",36.37
"EL","Greece",2020,"Y16_24",66.69
"EL","Greece",2020,"Y25_64",50.81
"EL","Greece",2020,"Y65_74",8.98
"EL","Greece",2021,"Y16_24",80.52
"EL","Greece",2021,"Y25_64",59.34
"EL","Greece",2021,"Y65_74",11.94
"EL","Greece",2022,"Y16_24",80.57
"EL","Greece",2022,"Y25_64",62.59
"EL","Greece",2022,"Y65_74",12.14
"EL","Greece",2023,"Y16_24",78.41
"EL","Greece",2023,"Y25_64",62.29
"EL","Greece",2023,"Y65_74",18.76
"EL","Greece",2024,"Y16_24",84.2
"EL","Greece",2024,"Y25_64",69.79
"EL","Greece",2024,"Y65_74",27.6
"EL","Greece",2025,"Y16_24",91.3
"EL","Greece",2025,"Y25_64",73.98
"EL","Greece",2025,"Y65_74",23.12
"ES","Spain",2020,"Y16_24",74.37
"ES","Spain",2020,"Y25_64",67.35
"ES","Spain",2020,"Y65_74",24.89
"ES","Spain",2021,"Y16_24",78.3
"ES","Spain",2021,"Y25_64",71.26
"ES","Spain",2021,"Y65_74",30.07
"ES","Spain",2022,"Y16_24",78.99
"ES","Spain",2022,"Y25_64",72.89
"ES","Spain",2022,"Y65_74",30.42
"ES","Spain",2023,"Y16_24",80.21
"ES","Spain",2023,"Y25_64",73.57
"ES","Spain",2023,"Y65_74",32.98
"ES","Spain",2024,"Y16_24",78.56
"ES","Spain",2024,"Y25_64",73.89
"ES","Spain",2024,"Y65_74",33.22
"ES","Spain",2025,"Y16_24",80.81
"ES","Spain",2025,"Y25_64",75.57
"ES","Spain",2025,"Y65_74",36.12
"FI","Finland",2020,"Y16_24",85.85
"FI","Finland",2020,"Y25_64",83.38
"FI","Finland",2020,"Y65_74",39.27
"FI","Finland",2021,"Y16_24",90.19
"FI","Finland",2021,"Y25_64",83.86
"FI","Finland",2021,"Y65_74",48.52
"FI","Finland",2022,"Y16_24",84.8
"FI","Finland",2022,"Y25_64",84.67
"FI","Finland",2022,"Y65_74",48.91
"FI","Finland",2023,"Y16_24",84.82
"FI","Finland",2023,"Y25_64",85.43
"FI","Finland",2023,"Y65_74",49.09
"FI","Finland",2024,"Y16_24",83.41
"FI","Finland",2024,"Y25_64",85.68
"FI","Finland",2024,"Y65_74",47.28
"FI","Finland",2025,"Y16_24",88.15
"FI","Finland",2025,"Y25_64",87.75
"FI","Finland",2025,"Y65_74",53.04
"FR","France",2020,"Y16_24",NA
"FR","France",2020,"Y25_64",NA
"FR","France",2020,"Y65_74",NA
"FR","France",2021,"Y16_24",85.81
"FR","France",2021,"Y25_64",79.9
"FR","France",2021,"Y65_74",47.96
"FR","France",2022,"Y16_24",89.2
"FR","France",2022,"Y25_64",80.19
"FR","France",2022,"Y65_74",44.58
"FR","France",2023,"Y16_24",85.84
"FR","France",2023,"Y25_64",81.14
"FR","France",2023,"Y65_74",49.79
"FR","France",2024,"Y16_24",90.34
"FR","France",2024,"Y25_64",83.86
"FR","France",2024,"Y65_74",55.01
"FR","France",2025,"Y16_24",84.73
"FR","France",2025,"Y25_64",84.76
"FR","France",2025,"Y65_74",55.68
"HR","Croatia",2020,"Y16_24",87.49
"HR","Croatia",2020,"Y25_64",60.07
"HR","Croatia",2020,"Y65_74",9.77
"HR","Croatia",2021,"Y16_24",83.44
"HR","Croatia",2021,"Y25_64",63.7
"HR","Croatia",2021,"Y65_74",12.75
"HR","Croatia",2022,"Y16_24",84.42
"HR","Croatia",2022,"Y25_64",63.18
"HR","Croatia",2022,"Y65_74",10.25
"HR","Croatia",2023,"Y16_24",85.36
"HR","Croatia",2023,"Y25_64",64.75
"HR","Croatia",2023,"Y65_74",14.52
"HR","Croatia",2024,"Y16_24",87.26
"HR","Croatia",2024,"Y25_64",66.61
"HR","Croatia",2024,"Y65_74",15.11
"HR","Croatia",2025,"Y16_24",88.12
"HR","Croatia",2025,"Y25_64",68.77
"HR","Croatia",2025,"Y65_74",16.97
"HU","Hungary",2020,"Y16_24",77.54
"HU","Hungary",2020,"Y25_64",64.18
"HU","Hungary",2020,"Y65_74",26.24
"HU","Hungary",2021,"Y16_24",78.58
"HU","Hungary",2021,"Y25_64",71.3
"HU","Hungary",2021,"Y65_74",32.14
"HU","Hungary",2022,"Y16_24",81.13
"HU","Hungary",2022,"Y25_64",76.23
"HU","Hungary",2022,"Y65_74",35.59
"HU","Hungary",2023,"Y16_24",77.99
"HU","Hungary",2023,"Y25_64",75.86
"HU","Hungary",2023,"Y65_74",35.48
"HU","Hungary",2024,"Y16_24",87.23
"HU","Hungary",2024,"Y25_64",78.98
"HU","Hungary",2024,"Y65_74",42.37
"HU","Hungary",2025,"Y16_24",79.44
"HU","Hungary",2025,"Y25_64",72.09
"HU","Hungary",2025,"Y65_74",38.46
"IE","Ireland",2020,"Y16_24",NA
"IE","Ireland",2020,"Y25_64",79.02
"IE","Ireland",2020,"Y65_74",52.76
"IE","Ireland",2021,"Y16_24",NA
"IE","Ireland",2021,"Y25_64",91.59
"IE","Ireland",2021,"Y65_74",67.26
"IE","Ireland",2022,"Y16_24",NA
"IE","Ireland",2022,"Y25_64",88.71
"IE","Ireland",2022,"Y65_74",37.68
"IE","Ireland",2023,"Y16_24",100
"IE","Ireland",2023,"Y25_64",89.88
"IE","Ireland",2023,"Y65_74",59.55
"IE","Ireland",2024,"Y16_24",97.31
"IE","Ireland",2024,"Y25_64",97.24
"IE","Ireland",2024,"Y65_74",78.61
"IE","Ireland",2025,"Y16_24",97.83
"IE","Ireland",2025,"Y25_64",96.57
"IE","Ireland",2025,"Y65_74",80.97
"IT","Italy",2020,"Y16_24",59.21
"IT","Italy",2020,"Y25_64",47.74
"IT","Italy",2020,"Y65_74",15.08
"IT","Italy",2021,"Y16_24",67.38
"IT","Italy",2021,"Y25_64",55.91
"IT","Italy",2021,"Y65_74",20.2
"IT","Italy",2022,"Y16_24",64.97
"IT","Italy",2022,"Y25_64",53.03
"IT","Italy",2022,"Y65_74",20.12
"IT","Italy",2023,"Y16_24",65.98
"IT","Italy",2023,"Y25_64",55.21
"IT","Italy",2023,"Y65_74",21.65
"IT","Italy",2024,"Y16_24",67.19
"IT","Italy",2024,"Y25_64",57.63
"IT","Italy",2024,"Y65_74",25.24
"IT","Italy",2025,"Y16_24",68.34
"IT","Italy",2025,"Y25_64",60.28
"IT","Italy",2025,"Y65_74",28.79
"LT","Lithuania",2020,"Y16_24",72.24
"LT","Lithuania",2020,"Y25_64",59.06
"LT","Lithuania",2020,"Y65_74",12.35
"LT","Lithuania",2021,"Y16_24",83.97
"LT","Lithuania",2021,"Y25_64",64.43
"LT","Lithuania",2021,"Y65_74",16.82
"LT","Lithuania",2022,"Y16_24",81.12
"LT","Lithuania",2022,"Y25_64",65.89
"LT","Lithuania",2022,"Y65_74",14.77
"LT","Lithuania",2023,"Y16_24",84.3
"LT","Lithuania",2023,"Y25_64",66.45
"LT","Lithuania",2023,"Y65_74",17.1
"LT","Lithuania",2024,"Y16_24",82.21
"LT","Lithuania",2024,"Y25_64",71.05
"LT","Lithuania",2024,"Y65_74",21.63
"LT","Lithuania",2025,"Y16_24",86.24
"LT","Lithuania",2025,"Y25_64",71.3
"LT","Lithuania",2025,"Y65_74",21.61
"LU","Luxembourg",2020,"Y16_24",77.86
"LU","Luxembourg",2020,"Y25_64",82
"LU","Luxembourg",2020,"Y65_74",54.37
"LU","Luxembourg",2021,"Y16_24",76.72
"LU","Luxembourg",2021,"Y25_64",83.51
"LU","Luxembourg",2021,"Y65_74",68.11
"LU","Luxembourg",2022,"Y16_24",83.65
"LU","Luxembourg",2022,"Y25_64",84.09
"LU","Luxembourg",2022,"Y65_74",53.89
"LU","Luxembourg",2023,"Y16_24",81.86
"LU","Luxembourg",2023,"Y25_64",83.46
"LU","Luxembourg",2023,"Y65_74",51.22
"LU","Luxembourg",2024,"Y16_24",82.16
"LU","Luxembourg",2024,"Y25_64",83.59
"LU","Luxembourg",2024,"Y65_74",57.24
"LU","Luxembourg",2025,"Y16_24",86.29
"LU","Luxembourg",2025,"Y25_64",82.91
"LU","Luxembourg",2025,"Y65_74",55.57
"LV","Latvia",2020,"Y16_24",78.45
"LV","Latvia",2020,"Y25_64",60.25
"LV","Latvia",2020,"Y65_74",17.95
"LV","Latvia",2021,"Y16_24",85.48
"LV","Latvia",2021,"Y25_64",66.45
"LV","Latvia",2021,"Y65_74",22.36
"LV","Latvia",2022,"Y16_24",85.33
"LV","Latvia",2022,"Y25_64",67.73
"LV","Latvia",2022,"Y65_74",18.31
"LV","Latvia",2023,"Y16_24",78.54
"LV","Latvia",2023,"Y25_64",68.28
"LV","Latvia",2023,"Y65_74",22.49
"LV","Latvia",2024,"Y16_24",83.16
"LV","Latvia",2024,"Y25_64",71.55
"LV","Latvia",2024,"Y65_74",21.66
"LV","Latvia",2025,"Y16_24",85.72
"LV","Latvia",2025,"Y25_64",76.17
"LV","Latvia",2025,"Y65_74",29.7
"MT","Malta",2020,"Y16_24",84.71
"MT","Malta",2020,"Y25_64",67.8
"MT","Malta",2020,"Y65_74",17.42
"MT","Malta",2021,"Y16_24",90.68
"MT","Malta",2021,"Y25_64",68.68
"MT","Malta",2021,"Y65_74",21.08
"MT","Malta",2022,"Y16_24",93.49
"MT","Malta",2022,"Y25_64",72.49
"MT","Malta",2022,"Y65_74",20.62
"MT","Malta",2023,"Y16_24",91.17
"MT","Malta",2023,"Y25_64",72.63
"MT","Malta",2023,"Y65_74",26.68
"MT","Malta",2024,"Y16_24",91.92
"MT","Malta",2024,"Y25_64",72.26
"MT","Malta",2024,"Y65_74",28.44
"MT","Malta",2025,"Y16_24",86.93
"MT","Malta",2025,"Y25_64",76.08
"MT","Malta",2025,"Y65_74",28.01
"NL","Netherlands",2020,"Y16_24",92.68
"NL","Netherlands",2020,"Y25_64",88.61
"NL","Netherlands",2020,"Y65_74",71.02
"NL","Netherlands",2021,"Y16_24",91.82
"NL","Netherlands",2021,"Y25_64",91.78
"NL","Netherlands",2021,"Y65_74",76.42
"NL","Netherlands",2022,"Y16_24",89.03
"NL","Netherlands",2022,"Y25_64",91.17
"NL","Netherlands",2022,"Y65_74",73.43
"NL","Netherlands",2023,"Y16_24",97.41
"NL","Netherlands",2023,"Y25_64",94.77
"NL","Netherlands",2023,"Y65_74",76.09
"NL","Netherlands",2024,"Y16_24",97.1
"NL","Netherlands",2024,"Y25_64",95.49
"NL","Netherlands",2024,"Y65_74",84.21
"NL","Netherlands",2025,"Y16_24",97.3
"NL","Netherlands",2025,"Y25_64",95.68
"NL","Netherlands",2025,"Y65_74",83.98
"PL","Poland",2020,"Y16_24",77.82
"PL","Poland",2020,"Y25_64",66.92
"PL","Poland",2020,"Y65_74",16.82
"PL","Poland",2021,"Y16_24",79.25
"PL","Poland",2021,"Y25_64",67.61
"PL","Poland",2021,"Y65_74",18.31
"PL","Poland",2022,"Y16_24",79.93
"PL","Poland",2022,"Y25_64",71.53
"PL","Poland",2022,"Y65_74",21.05
"PL","Poland",2023,"Y16_24",76.65
"PL","Poland",2023,"Y25_64",72.08
"PL","Poland",2023,"Y65_74",22.04
"PL","Poland",2024,"Y16_24",84.28
"PL","Poland",2024,"Y25_64",75.83
"PL","Poland",2024,"Y65_74",22.26
"PL","Poland",2025,"Y16_24",86.06
"PL","Poland",2025,"Y25_64",77.52
"PL","Poland",2025,"Y65_74",24.96
"PT","Portugal",2020,"Y16_24",68.96
"PT","Portugal",2020,"Y25_64",48.99
"PT","Portugal",2020,"Y65_74",7.83
"PT","Portugal",2021,"Y16_24",76.49
"PT","Portugal",2021,"Y25_64",56.7
"PT","Portugal",2021,"Y65_74",12.13
"PT","Portugal",2022,"Y16_24",78.71
"PT","Portugal",2022,"Y25_64",58.62
"PT","Portugal",2022,"Y65_74",14.34
"PT","Portugal",2023,"Y16_24",79.95
"PT","Portugal",2023,"Y25_64",59.87
"PT","Portugal",2023,"Y65_74",15.89
"PT","Portugal",2024,"Y16_24",80.07
"PT","Portugal",2024,"Y25_64",65.31
"PT","Portugal",2024,"Y65_74",19.52
"PT","Portugal",2025,"Y16_24",77.32
"PT","Portugal",2025,"Y25_64",67.47
"PT","Portugal",2025,"Y65_74",19.77
"RO","Romania",2020,"Y16_24",53.6
"RO","Romania",2020,"Y25_64",40.62
"RO","Romania",2020,"Y65_74",8.01
"RO","Romania",2021,"Y16_24",51.51
"RO","Romania",2021,"Y25_64",42.54
"RO","Romania",2021,"Y65_74",8.25
"RO","Romania",2022,"Y16_24",63.11
"RO","Romania",2022,"Y25_64",49.62
"RO","Romania",2022,"Y65_74",11.94
"RO","Romania",2023,"Y16_24",69.72
"RO","Romania",2023,"Y25_64",54.86
"RO","Romania",2023,"Y65_74",15.7
"RO","Romania",2024,"Y16_24",71.42
"RO","Romania",2024,"Y25_64",61.4
"RO","Romania",2024,"Y65_74",19.16
"RO","Romania",2025,"Y16_24",76.99
"RO","Romania",2025,"Y25_64",65.85
"RO","Romania",2025,"Y65_74",23.58
"SE","Sweden",2020,"Y16_24",79.68
"SE","Sweden",2020,"Y25_64",89.76
"SE","Sweden",2020,"Y65_74",61.42
"SE","Sweden",2021,"Y16_24",88.21
"SE","Sweden",2021,"Y25_64",90.54
"SE","Sweden",2021,"Y65_74",66.79
"SE","Sweden",2022,"Y16_24",82.03
"SE","Sweden",2022,"Y25_64",90.6
"SE","Sweden",2022,"Y65_74",66.52
"SE","Sweden",2023,"Y16_24",83.23
"SE","Sweden",2023,"Y25_64",92.82
"SE","Sweden",2023,"Y65_74",73.74
"SE","Sweden",2024,"Y16_24",88.08
"SE","Sweden",2024,"Y25_64",91.45
"SE","Sweden",2024,"Y65_74",73.23
"SE","Sweden",2025,"Y16_24",83.87
"SE","Sweden",2025,"Y25_64",92.29
"SE","Sweden",2025,"Y65_74",76.03
"SI","Slovenia",2020,"Y16_24",84.11
"SI","Slovenia",2020,"Y25_64",67.7
"SI","Slovenia",2020,"Y65_74",22.14
"SI","Slovenia",2021,"Y16_24",86.62
"SI","Slovenia",2021,"Y25_64",76.09
"SI","Slovenia",2021,"Y65_74",36.53
"SI","Slovenia",2022,"Y16_24",81.54
"SI","Slovenia",2022,"Y25_64",67.72
"SI","Slovenia",2022,"Y65_74",25.43
"SI","Slovenia",2023,"Y16_24",84.46
"SI","Slovenia",2023,"Y25_64",70.98
"SI","Slovenia",2023,"Y65_74",29.53
"SI","Slovenia",2024,"Y16_24",83.72
"SI","Slovenia",2024,"Y25_64",72.06
"SI","Slovenia",2024,"Y65_74",28.02
"SI","Slovenia",2025,"Y16_24",87.75
"SI","Slovenia",2025,"Y25_64",71.13
"SI","Slovenia",2025,"Y65_74",32.98
"SK","Slovakia",2020,"Y16_24",78.78
"SK","Slovakia",2020,"Y25_64",65.83
"SK","Slovakia",2020,"Y65_74",28.74
"SK","Slovakia",2021,"Y16_24",88.39
"SK","Slovakia",2021,"Y25_64",80.41
"SK","Slovakia",2021,"Y65_74",37.02
"SK","Slovakia",2022,"Y16_24",94.78
"SK","Slovakia",2022,"Y25_64",81.7
"SK","Slovakia",2022,"Y65_74",36.61
"SK","Slovakia",2023,"Y16_24",92.7
"SK","Slovakia",2023,"Y25_64",82.9
"SK","Slovakia",2023,"Y65_74",34.83
"SK","Slovakia",2024,"Y16_24",91.93
"SK","Slovakia",2024,"Y25_64",83.79
"SK","Slovakia",2024,"Y65_74",40.03
"SK","Slovakia",2025,"Y16_24",90.82
"SK","Slovakia",2025,"Y25_64",84.08
"SK","Slovakia",2025,"Y65_74",44.76
