SUMLEV,REGION,DIVISION,STATE,NAME,POPESTIMATE2020,POPESTIMATE2021,POPESTIMATE2022,POPESTIMATE2023,POPESTIMATE2024,POPESTIMATE2025,NPOPCHG_2020,NPOPCHG_2021,NPOPCHG_2022,NPOPCHG_2023,NPOPCHG_2024,NPOPCHG_2025,BIRTHS2020,BIRTHS2021,BIRTHS2022,BIRTHS2023,BIRTHS2024,BIRTHS2025,DEATHS2020,DEATHS2021,DEATHS2022,DEATHS2023,DEATHS2024,DEATHS2025,NATURALCHG2020,NATURALCHG2021,NATURALCHG2022,NATURALCHG2023,NATURALCHG2024,NATURALCHG2025,INTERNATIONALMIG2020,INTERNATIONALMIG2021,INTERNATIONALMIG2022,INTERNATIONALMIG2023,INTERNATIONALMIG2024,INTERNATIONALMIG2025,DOMESTICMIG2020,DOMESTICMIG2021,DOMESTICMIG2022,DOMESTICMIG2023,DOMESTICMIG2024,DOMESTICMIG2025,NETMIG2020,NETMIG2021,NETMIG2022,NETMIG2023,NETMIG2024,NETMIG2025,RESIDUAL2020,RESIDUAL2021,RESIDUAL2022,RESIDUAL2023,RESIDUAL2024,RESIDUAL2025
010,0,0,00,United States,331578104,332100166,333996304,336755052,340003797,341784857,61991,522062,1896138,2758748,3248745,1781060,894123,3584459,3680380,3648896,3608217,3620461,852024,3438423,3456354,3154285,3093940,3101603,42099,146036,224026,494611,514277,518858,19892,376026,1672112,2264137,2734468,1262202,0,0,0,0,0,0,19892,376026,1672112,2264137,2734468,1262202,0,0,0,0,0,0
020,1,0,00,Northeast Region,57436027,57234503,57174375,57458539,57940522,58042054,-181533,-201524,-60128,284164,481983,101532,146070,572863,588925,579757,574926,572507,193427,561002,564109,528693,516722,512934,-47357,11861,24816,51064,58204,59573,4433,80448,344754,510609,605435,246382,-130285,-288705,-426289,-274149,-179324,-205552,-125852,-208257,-81535,236460,426111,40830,-8324,-5128,-3409,-3360,-2332,1129
030,1,1,00,New England,15047713,15116021,15178293,15267275,15386901,15431980,-74374,68308,62272,88982,119626,45079,35403,139204,144796,142380,140797,141449,46227,143819,149534,143562,142128,140006,-10824,-4615,-4738,-1182,-1331,1443,1563,26730,110006,121848,135265,70763,-55434,43201,-38619,-30013,-13340,-27602,-53871,69931,71387,91835,121925,43161,-9679,2992,-4377,-1671,-968,475
030,1,2,00,Middle Atlantic,42388314,42118482,41996082,42191264,42553621,42610074,-107159,-269832,-122400,195182,362357,56453,110667,433659,444129,437377,434129,431058,147200,417183,414575,385131,374594,372928,-36533,16476,29554,52246,59535,58130,2870,53718,234748,388761,470170,175619,-74851,-331906,-387670,-244136,-165984,-177950,-71981,-278188,-152922,144625,304186,-2331,1355,-8120,968,-1689,-1364,654
020,2,0,00,Midwest Region,68979566,68867096,68872112,69132050,69518281,69762666,-19896,-112470,5016,259938,386231,244385,190006,747473,753901,744414,735192,737743,186270,762711,771578,701318,684822,691326,3736,-15238,-17677,43096,50370,46417,3082,55297,218638,314946,382875,180161,-37458,-175434,-180661,-91566,-43686,16040,-34376,-120137,37977,223380,339189,196201,10744,22905,-15284,-6538,-3328,1767
030,2,3,00,East North Central,47353837,47203510,47163396,47315626,47555538,47693655,-27639,-150327,-40114,152230,239912,138117,127310,500297,504103,496475,490580,490449,133469,530478,537461,485626,472717,475551,-6159,-30181,-33358,10849,17863,14898,1990,37011,158278,231180,275271,129075,-31173,-172366,-154584,-85055,-50632,-7114,-29183,-135355,3694,146125,224639,121961,7703,15209,-10450,-4744,-2590,1258
030,2,4,00,West North Central,21625729,21663586,21708716,21816424,21962743,22069011,7743,37857,45130,107708,146319,106268,62696,247176,249798,247939,244612,247294,52801,232233,234117,215692,212105,215775,9895,14943,15681,32247,32507,31519,1092,18286,60360,83766,107604,51086,-6285,-3068,-26077,-6511,6946,23154,-5193,15218,34283,77255,114550,74240,3041,7696,-4834,-1794,-738,509
020,3,0,00,South Region,126473371,127380165,129066102,130894372,132662072,133833983,191766,906794,1685937,1828270,1767700,1171911,348450,1427445,1481260,1488839,1472891,1481266,314317,1404166,1415258,1268450,1256122,1258400,34133,23279,66002,220389,216769,222866,8937,155227,757942,919367,1146872,596005,154622,732442,836925,677221,398525,357790,163559,887669,1594867,1596588,1545397,953795,-5926,-4154,25068,11293,5534,-4750
030,3,5,00,South Atlantic,66176335,66686315,67671784,68680474,69586214,70198706,78313,509980,985469,1008690,905740,612492,172327,699936,728467,728106,720902,726922,168537,727706,744850,673836,666037,664595,3790,-27770,-16383,54270,54865,62327,5995,97729,475583,560519,617293,349644,77805,447313,507501,385372,229300,203812,83800,545042,983084,945891,846593,553456,-9277,-7292,18768,8529,4282,-3291
030,3,6,00,East South Central,19427354,19472696,19602668,19763302,19948564,20069188,22047,45342,129972,160634,185262,120624,54324,223503,227935,229537,227320,228238,56467,258569,260942,231238,228831,229519,-2143,-35066,-33007,-1701,-1511,-1281,522,7308,47001,67578,113031,50096,23105,69814,114362,93969,73356,72099,23627,77122,161363,161547,186387,122195,563,3286,1616,788,386,-290
030,3,7,00,West South Central,40869682,41221154,41791650,42450596,43127294,43566089,91406,351472,570496,658946,676698,438795,121799,504006,524858,531196,524669,526106,89313,417891,409466,363376,361254,364286,32486,86115,115392,167820,163415,161820,2420,50190,235358,291270,416548,196265,53712,215315,215062,197880,95869,81879,56132,265505,450420,489150,512417,278144,2788,-148,4684,1976,866,-1169
020,4,0,00,West Region,78689140,78618402,78883715,79270091,79882922,80146154,71654,-70738,265313,386376,612831,263232,209597,836678,856294,835886,825208,828945,158010,710544,705409,655824,636274,638943,51587,126134,150885,180062,188934,190002,3440,85054,350778,519215,599286,239654,13121,-268303,-229975,-311506,-175515,-168278,16561,-183249,120803,207709,423771,71376,3506,-13623,-6375,-1395,126,1854
030,4,8,00,Mountain,25006940,25284969,25554105,25829773,26153377,26346149,78608,278029,269136,275668,323604,192772,68891,276996,282650,280129,279591,285113,54956,241496,250419,222898,220909,223624,13935,35500,32231,57231,58682,61489,1020,21407,87626,145878,185588,67811,64719,220677,148323,73506,78773,62734,65739,242084,235949,219384,264361,130545,-1066,445,956,-947,561,738
030,4,9,00,Pacific,53682200,53333433,53329610,53440318,53729545,53800005,-6954,-348767,-3823,110708,289227,70460,140706,559682,573644,555757,545617,543832,103054,469048,454990,432926,415365,415319,37652,90634,118654,122831,130252,128513,2420,63647,263152,373337,413698,171843,-51598,-488980,-378298,-385012,-254288,-231012,-49178,-425333,-115146,-11675,159410,-59169,4572,-14068,-7331,-448,-435,1116
040,3,6,01,Alabama,5032962,5050058,5076868,5117850,5163055,5193088,7525,17096,26810,40982,45205,30033,13899,57327,58251,58640,57648,57680,15121,69137,67263,60111,59508,59868,-1222,-11810,-9012,-1471,-1860,-2188,134,1808,8391,12621,22102,8946,9450,25795,27718,29774,24953,23358,9584,27603,36109,42395,47055,32304,-837,1303,-287,58,10,-83
040,4,9,02,Alaska,732906,734590,733659,734654,736537,737270,-477,1684,-931,995,1883,733,2408,9460,9392,9130,9037,8867,1193,5431,6470,5616,5620,5559,1215,4029,2922,3514,3417,3308,63,873,1976,2335,2608,1959,-1697,-3043,-5909,-4913,-4183,-4525,-1634,-2170,-3933,-2578,-1575,-2566,-58,-175,80,59,41,-9
040,4,8,04,Arizona,7186647,7274022,7370065,7452073,7556424,7623818,28543,87375,96043,82008,104351,67394,18108,75661,79135,78678,78372,78926,18083,80332,79842,70826,69279,71277,25,-4671,-707,7852,9093,7649,249,8016,26676,39747,60743,28219,29864,84233,68315,34804,34303,31107,30113,92249,94991,74551,95046,59326,-1595,-203,1759,-395,212,419
040,3,7,05,Arkansas,3014399,3027127,3047429,3069856,3096080,3114791,2869,12728,20302,22427,26224,18711,8518,34950,36160,35330,35272,35414,8462,40142,40393,36406,36294,36638,56,-5192,-4233,-1076,-1022,-1224,95,1348,6017,5592,13244,5470,2524,16218,18583,17825,13919,14475,2619,17566,24600,23417,27163,19945,194,354,-65,86,83,-10
040,4,9,06,California,39527808,39152927,39125347,39181667,39364774,39355309,-27895,-374881,-27580,56320,183107,-9465,103116,412508,424110,410395,400854,398632,74350,344771,318097,303116,289060,288917,28766,67737,106013,107279,111794,109715,1388,44122,214150,292113,312761,109278,-62399,-470759,-344130,-343891,-241611,-229077,-61011,-426637,-129980,-51778,71150,-119799,4350,-15981,-3613,819,163,619
040,4,8,08,Colorado,5786873,5814368,5853355,5912240,5988502,6012561,11547,27495,38987,58885,76262,24059,15563,62064,62598,62233,62517,65380,11888,46505,49604,45204,44713,44772,3675,15559,12994,17029,17804,20608,239,3917,21473,35920,53313,15356,7201,6200,5425,6008,4995,-12100,7440,10117,26898,41928,58308,3256,432,1819,-905,-72,150,195
040,1,1,09,Connecticut,3579643,3607765,3618707,3641369,3674449,3688496,-28107,28122,10942,22662,33080,14047,8460,33924,35611,35082,34584,34700,11936,34598,34903,33014,32883,32417,-3476,-674,708,2068,1701,2283,409,6216,22859,27669,35456,17534,-21208,20664,-11105,-6498,-3827,-5945,-20799,26880,11754,21171,31629,11589,-3832,1916,-1520,-577,-250,175
040,3,5,10,Delaware,991890,1005130,1020279,1035354,1050123,1059952,1940,13240,15149,15075,14769,9829,2577,10162,10844,10721,10422,10328,2966,11246,11508,10983,10619,10882,-389,-1084,-664,-262,-197,-554,64,939,3090,5322,6799,3473,2235,13680,12530,9872,8040,6855,2299,14619,15620,15194,14839,10328,30,-295,193,143,127,55
040,3,5,11,District of Columbia,670958,669637,674501,682559,691310,693645,-18586,-1321,4864,8058,8751,2335,2189,8504,8495,8055,7747,7336,2002,5810,5567,5050,4920,4820,187,2694,2928,3005,2827,2516,52,1745,7513,7870,6307,3915,-15396,-6258,-5029,-2706,-386,-4128,-15344,-4513,2484,5164,5921,-213,-3429,498,-548,-111,3,32
040,3,5,12,Florida,21591325,21836698,22413989,22929248,23265838,23462518,53118,245373,577291,515259,336590,196680,50409,208256,222202,224378,221213,225971,56364,250266,260264,231949,229252,227304,-5955,-42010,-38062,-7571,-8039,-1333,2838,46857,287845,333449,283664,178674,61662,253220,310892,183646,58411,22517,64500,300077,598737,517095,342075,201191,-5427,-12694,16616,5735,2554,-3178
040,3,5,13,Georgia,10732595,10793038,10929992,11063669,11204208,11302748,18734,60443,136954,133677,140539,98540,29838,121375,125747,126265,125708,126446,24705,109407,110519,98375,97476,97815,5133,11968,15228,27890,28232,28631,732,10163,42619,52726,86526,42579,11584,37079,79102,52348,25403,27333,12316,47242,121721,105074,111929,69912,1285,1233,5,713,378,-3
040,4,9,15,Hawaii,1451130,1446909,1437812,1434950,1434952,1432820,-4137,-4221,-9097,-2862,2,-2132,3825,15525,15726,15245,14737,14631,2858,12239,13490,12979,12704,12607,967,3286,2236,2266,2033,2024,123,2052,4598,6350,6588,4768,-4865,-9849,-15999,-11327,-8486,-8876,-4742,-7797,-11401,-4977,-1898,-4108,-362,290,68,-151,-133,-48
040,4,8,16,Idaho,1849328,1904855,1942951,1970497,2000872,2029733,10205,55527,38096,27546,30375,28861,5459,21845,22375,22357,22868,23695,3630,17114,18939,16829,16782,16795,1829,4731,3436,5528,6086,6900,58,699,5908,7179,8154,2148,8812,52350,28019,14713,15975,19915,8870,53049,33927,21892,24129,22063,-494,-2253,733,126,160,-102
040,2,3,17,Illinois,12795348,12703354,12609577,12633389,12703033,12719141,-26393,-91994,-93777,23812,69644,16108,33452,131839,129746,127000,125470,125129,35327,128445,127075,116926,113529,114226,-1875,3394,2671,10074,11941,10903,507,11432,51733,94146,111121,44752,-25229,-108364,-149904,-79784,-53080,-40017,-24722,-96932,-98171,14362,58041,4735,204,1544,1723,-624,-338,470
040,2,3,18,Indiana,6790290,6814223,6841491,6881373,6934754,6973333,3685,23933,27268,39882,53381,38579,19425,77620,80451,79708,79448,79648,19147,77873,79703,72091,70277,71087,278,-253,748,7617,9171,8561,342,6065,25501,29749,38414,17852,1635,15069,3966,3077,6024,12197,1977,21134,29467,32826,44438,30049,1430,3052,-2947,-561,-228,-31
040,2,4,19,Iowa,3191081,3199037,3201890,3214739,3230454,3238387,499,7956,2853,12849,15715,7933,9091,35845,36774,36415,36280,36470,8032,35466,35685,32987,32751,33521,1059,379,1089,3428,3529,2949,199,3701,9235,13275,12701,5903,-1242,2294,-6301,-3502,-427,-970,-1043,5995,2934,9773,12274,4933,483,1582,-1170,-352,-88,51
040,2,4,20,Kansas,2938274,2938966,2938034,2949749,2965252,2977220,288,692,-932,11715,15503,11968,8501,34178,34404,34681,33957,34416,6984,32781,33232,30221,29122,29465,1517,1397,1172,4460,4835,4951,136,2068,6270,12815,15548,7440,-1904,-4610,-7185,-5284,-4775,-519,-1768,-2542,-915,7531,10773,6921,539,1837,-1189,-276,-105,96
040,3,6,21,Kentucky,4508271,4508348,4521238,4549953,4584046,4606864,1984,77,12890,28715,34093,22818,12636,51493,52462,52597,52350,52982,12754,58343,61378,54273,53307,53065,-118,-6850,-8916,-1676,-957,-83,119,1756,12538,23457,28210,15709,1029,3010,10343,7154,7013,7269,1148,4766,22881,30611,35223,22978,954,2161,-1075,-220,-173,-77
040,3,7,22,Louisiana,4652145,4628595,4600892,4598777,4614878,4618189,-5749,-23550,-27703,-2115,16101,3311,13562,57077,56554,56694,53942,51886,14807,56899,56822,50219,49783,49112,-1245,178,-268,6475,4159,2774,192,3182,19957,22784,29740,14900,-5162,-27184,-48131,-31283,-17659,-14387,-4970,-24002,-28174,-8499,12081,513,466,274,739,-91,-139,24
040,1,1,23,Maine,1364546,1379009,1391585,1401992,1408438,1414874,1328,14463,12576,10407,6446,6436,2994,11592,12056,11925,11615,11783,3713,16133,17964,17066,16801,16802,-719,-4541,-5908,-5141,-5186,-5019,60,1012,3806,5713,6512,4040,1798,18101,14422,9859,5189,7406,1858,19113,18228,15572,11701,11446,189,-109,256,-24,-69,9
040,3,5,24,Maryland,6178387,6176035,6183257,6204927,6245314,6265347,-3253,-2352,7222,21670,40387,20033,17173,67473,69100,67632,65678,65090,16944,59034,57669,54005,54060,53646,229,8439,11431,13627,11618,11444,500,9033,42021,39681,47375,20503,-5036,-21803,-45953,-31484,-18367,-12127,-4536,-12770,-3932,8197,29008,8376,1054,1979,-277,-154,-239,213
040,1,1,25,Massachusetts,6985320,6996721,7025465,7073479,7138560,7154084,-47792,11401,28744,48014,65081,15524,17109,66440,68943,68137,67857,68055,22152,61619,63685,61772,61060,59636,-5043,4821,5258,6365,6797,8419,908,16475,73597,77588,77957,40240,-36863,-9433,-47954,-35360,-19195,-33340,-35955,7042,25643,42228,58762,6900,-6794,-462,-2157,-579,-478,205
040,2,3,26,Michigan,10072294,10042362,10043906,10062124,10099962,10127884,-7068,-29932,1544,18218,37838,27922,26565,102703,104377,100955,99603,99680,31059,115213,117925,106173,103436,104678,-4494,-12510,-13548,-5218,-3833,-4998,409,7044,26316,41616,50486,30706,-4896,-28290,-9107,-17137,-8065,1796,-4487,-21246,17209,24479,42421,32502,1913,3824,-2117,-1043,-750,418
040,2,4,27,Minnesota,5710562,5714055,5727565,5752998,5797405,5830405,3829,3493,13510,25433,44407,33000,16435,62936,64525,62997,61344,62576,12761,51365,53415,49962,49730,50505,3674,11571,11110,13035,11614,12071,295,5523,20302,24846,33360,12486,-1445,-14970,-17106,-11777,-204,8300,-1150,-9447,3196,13069,33156,20786,1305,1369,-796,-671,-363,143
040,3,6,28,Mississippi,2958385,2947603,2941237,2942470,2950172,2954160,-2879,-10782,-6366,1233,7702,3988,8509,35080,34994,35099,33926,33168,9674,41695,40681,35712,35909,35775,-1165,-6615,-5687,-613,-1983,-2607,61,633,5945,5371,14743,7451,-2102,-5392,-6015,-3356,-5106,-917,-2041,-4759,-70,2015,9637,6534,327,592,-609,-169,48,61
040,2,4,29,Missouri,6155074,6172551,6179285,6205956,6243544,6270541,161,17477,6734,26671,37588,26997,17212,68744,68867,68355,67693,68377,16738,75371,75703,68565,66472,68200,474,-6627,-6836,-210,1221,177,271,3860,11263,17573,24076,12665,-783,17735,3624,9682,12385,14028,-512,21595,14887,27255,36461,26693,199,2509,-1317,-374,-94,127
040,4,8,30,Montana,1087156,1106416,1121533,1130612,1137557,1144694,2935,19260,15117,9079,6945,7137,2824,10851,11210,11027,11294,11348,2535,12271,12991,11433,11517,11438,289,-1420,-1781,-406,-223,-90,42,712,798,412,1929,899,2715,20693,15474,9017,5263,6348,2757,21405,16272,9429,7192,7247,-111,-725,626,56,-24,-20
040,2,4,31,Nebraska,1963318,1964697,1972595,1988172,2005591,2018006,1338,1379,7898,15577,17419,12415,6056,24399,24223,24579,24446,24396,4464,19547,19432,18435,18438,18260,1592,4852,4791,6144,6008,6136,97,1581,8356,10738,13082,6599,-762,-5817,-4533,-1074,-1540,-366,-665,-4236,3823,9664,11542,6233,411,763,-716,-231,-131,46
040,4,8,32,Nevada,3116851,3148472,3177672,3211077,3253543,3282188,11258,31621,29200,33405,42466,28645,8153,33340,33523,32747,31894,32511,6990,32360,33461,29391,29163,29460,1163,980,62,3356,2731,3051,137,3613,9198,22304,23171,10551,10328,26050,20116,8165,16473,14914,10465,29663,29314,30469,39644,25465,-370,978,-176,-420,91,129
040,1,1,33,New Hampshire,1378752,1387907,1396647,1401530,1408518,1415342,1179,9155,8740,4883,6988,6824,2993,12067,12328,12098,11794,11911,3492,13729,14712,14334,14214,14078,-499,-1662,-2384,-2236,-2420,-2167,88,1542,1395,2847,4028,2403,1285,8626,9899,4458,5425,6554,1373,10168,11294,7305,9453,8957,305,649,-170,-186,-45,34
040,1,2,34,New Jersey,9270476,9266509,9298402,9395315,9506354,9548215,-18548,-3967,31893,96913,111039,41861,24693,97972,102595,102445,101187,100999,34022,84115,82755,77211,75593,74976,-9329,13857,19840,25234,25594,26023,903,14747,76031,114014,121069,53064,-11063,-34314,-62174,-41714,-35501,-37428,-10160,-19567,13857,72300,85568,15636,941,1743,-1804,-621,-123,202
040,4,8,35,New Mexico,2118446,2117300,2112859,2119349,2126774,2125498,954,-1146,-4441,6490,7425,-1276,5331,21417,21427,21582,20942,20235,5559,24722,25472,22367,22167,22120,-228,-3305,-4045,-785,-1225,-1885,159,2260,4826,9044,10577,2879,718,-978,-4615,-1524,-1874,-2267,877,1282,211,7520,8703,612,305,877,-607,-245,-53,-3
040,1,2,36,New York,20122262,19835345,19713025,19786543,20001419,20002427,-81434,-286917,-122320,73518,214876,1008,53088,205539,209944,205879,205405,203078,72825,177237,176586,166689,161811,160263,-19737,28302,33358,39190,43594,42815,1341,28772,121570,211383,290637,95634,-60244,-326190,-284910,-177852,-119231,-137586,-58903,-297418,-163340,33531,171406,-41952,-2794,-17801,7662,797,-124,145
040,3,5,37,North Carolina,10450215,10565503,10705768,10871849,11052061,11197968,8823,115288,140265,166081,180212,145907,28679,116720,121548,121274,121444,123046,25884,115540,118289,108957,107905,107917,2795,1180,3259,12317,13539,15129,680,9926,37814,53771,82899,46890,8788,103627,98454,98929,83059,84064,9468,113553,136268,152700,165958,130954,-3440,555,738,1064,715,-176
040,2,4,38,North Dakota,779612,777977,780191,787071,793387,799358,476,-1635,2214,6880,6316,5971,2560,10010,9761,9729,9583,9760,1768,7831,7368,6936,6905,7130,792,2179,2393,2793,2678,2630,30,453,2554,3158,4083,2810,-447,-3878,-2744,930,-423,512,-417,-3425,-190,4088,3660,3322,101,-389,11,-1,-22,19
040,2,3,39,Ohio,11798534,11761443,11764950,11808390,11860621,11900510,-911,-37091,3507,43440,52231,39889,32332,128188,128825,128738,126625,126825,33790,146978,149201,131764,127985,127554,-1458,-18790,-20376,-3026,-1360,-729,518,9281,35678,47116,55855,28505,-2750,-32482,-6882,1045,-1339,11926,-2232,-23201,28796,48161,54516,40431,2779,4900,-4913,-1695,-925,187
040,3,7,40,Oklahoma,3965243,3992760,4025327,4062716,4097758,4123288,5889,27517,32567,37389,35042,25530,11614,47619,48353,48864,47829,48603,10355,50871,51596,45126,44917,46044,1259,-3252,-3243,3738,2912,2559,178,2179,11013,11204,18700,8420,3848,26921,25770,22671,13542,14492,4026,29100,36783,33875,32242,22912,604,1669,-973,-224,-112,59
040,4,9,41,Oregon,4243544,4254691,4245964,4250392,4265324,4273586,6262,11147,-8727,4428,14932,8262,10277,39632,40461,38822,38840,38334,9543,41866,46314,43482,42526,42098,734,-2234,-5853,-4660,-3686,-3764,177,2610,6900,16833,20580,9636,5484,9670,-8946,-7370,-1736,2228,5661,12280,-2046,9463,18844,11864,-133,1101,-828,-375,-226,162
040,1,2,42,Pennsylvania,12995576,13016628,12984655,13009406,13045848,13059432,-7177,21052,-31973,24751,36442,13584,32886,130148,131590,129053,127537,126981,40353,155831,155234,141231,137190,137689,-7467,-25683,-23644,-12178,-9653,-10708,626,10199,37147,63364,58464,26921,-3544,28598,-40586,-24570,-11252,-2936,-2918,38797,-3439,38794,47212,23985,3208,7938,-4890,-1865,-1117,307
040,1,1,44,Rhode Island,1096487,1097381,1098275,1101183,1110415,1114521,-870,894,894,2908,9232,4106,2544,10025,10449,10049,9908,10021,3379,11305,11068,10543,10299,10325,-835,-1280,-619,-494,-391,-304,77,1070,6948,6846,10063,5923,-394,405,-4992,-3254,-364,-1551,-317,1475,1956,3592,9699,4372,282,699,-443,-190,-76,38
040,3,5,45,South Carolina,5131992,5194346,5288957,5390798,5490316,5570274,13742,62354,94611,101841,99518,79958,13527,55879,57655,58198,58035,59681,14085,65049,64806,59063,58560,59117,-558,-9170,-7151,-865,-525,564,337,4026,15365,21668,32760,12930,14790,68406,83341,79536,66367,66622,15127,72432,98706,101204,99127,79552,-827,-908,3056,1502,916,-158
040,2,4,46,South Dakota,887808,896303,909156,917739,927110,935094,1152,8495,12853,8583,9371,7984,2841,11064,11244,11183,11309,11299,2054,9872,9282,8586,8687,8694,787,1192,1962,2597,2622,2605,64,1100,2380,1361,4754,3183,298,6178,8168,4514,1930,2169,362,7278,10548,5875,6684,5352,3,25,343,111,65,27
040,3,6,47,Tennessee,6927736,6966687,7063325,7153029,7251291,7315076,15417,38951,96638,89704,98262,63785,19280,79603,82228,83201,83396,84408,18918,89394,91620,81142,80107,80811,362,-9791,-9392,2059,3289,3597,208,3111,20127,26129,47976,17990,14728,46401,82316,60397,46496,42389,14936,49512,102443,86526,94472,60379,119,-770,3587,1119,501,-191
040,3,7,48,Texas,29237895,29572672,30118002,30719247,31318578,31709821,88397,334777,545330,601245,599331,391243,88105,364360,383791,390308,387626,390203,55689,269979,260655,231625,230260,232492,32416,94381,123136,158683,157366,157711,1955,43481,198371,251690,354864,167475,52502,199360,218840,188667,86067,67299,54457,242841,417211,440357,440931,234774,1524,-2445,4983,2205,1034,-1242
040,4,8,49,Utah,3283970,3339874,3393928,3449259,3502983,3538904,12369,55904,54054,55331,53724,35921,11868,45687,46261,45440,45668,46948,4967,22007,23362,21147,21529,21987,6901,23680,22899,24293,24139,24961,119,2056,18314,30456,26691,7501,4652,30249,13235,547,2867,3343,4771,32305,31549,31003,29558,10844,697,-81,-394,35,27,116
040,1,1,50,Vermont,642965,647238,647614,647722,646521,644663,-112,4273,376,108,-1201,-1858,1303,5156,5409,5089,5039,4979,1555,6435,7202,6833,6871,6748,-252,-1279,-1793,-1744,-1832,-1769,21,415,1401,1185,1249,623,-52,4838,1111,782,-568,-726,-31,5253,2512,1967,681,-103,171,299,-343,-115,-50,14
040,3,5,51,Virginia,8637303,8660007,8681038,8732034,8819642,8880107,5884,22704,21031,50996,87608,60465,23617,94434,95761,94600,93837,92070,19727,83773,86290,79649,78487,78253,3890,10661,9471,14951,15350,13817,756,14313,38044,44282,69854,40436,-26,-3666,-26089,-8117,2461,6268,730,10647,11955,36165,72315,46704,1264,1396,-395,-120,-57,-56
040,4,9,53,Washington,7726812,7744316,7786828,7838655,7927958,8001020,19293,17504,42512,51827,89303,73062,21080,82557,83955,82165,82149,83368,15110,64741,70619,67733,65455,66138,5970,17816,13336,14432,16694,17230,669,13990,35528,55706,71161,46202,11879,-14999,-3314,-17511,1728,9238,12548,-1009,32214,38195,72889,55440,775,697,-3038,-800,-280,392
040,3,5,54,West Virginia,1791670,1785921,1774003,1770036,1767402,1766147,-2089,-5749,-11918,-3967,-2634,-1255,4318,17133,17115,16983,16818,16954,5860,27581,29938,25805,24758,24841,-1542,-10448,-12823,-8822,-7940,-7887,36,727,1272,1750,1109,244,-796,3028,253,3348,4312,6408,-760,3755,1525,5098,5421,6652,213,944,-620,-243,-115,-20
040,2,3,55,Wisconsin,5897371,5882128,5903472,5930350,5957168,5972787,3048,-15243,21344,26878,26818,15619,15536,59947,60704,60074,59434,59167,14146,61969,63557,58672,57490,58006,1390,-2022,-2853,1402,1944,1161,214,3189,19050,18553,19395,7260,67,-18299,7343,7744,5828,6984,281,-15110,26393,26297,25223,14244,1377,1889,-2196,-821,-349,214
040,4,8,56,Wyoming,577669,579662,581742,584666,586722,588753,797,1993,2080,2924,2056,2031,1585,6131,6121,6065,6036,6070,1304,6185,6748,5701,5759,5775,281,-54,-627,364,277,295,17,134,433,816,1010,258,429,1880,2354,1776,771,1474,446,2014,2787,2592,1781,1732,70,33,-80,-32,-2,4
040,X,X,72,Puerto Rico,3281591,3262731,3220148,3203794,3202521,3184835,-4283,-18860,-42583,-16354,-1273,-17686,4545,18794,19704,18886,18291,17950,7300,33337,34146,35186,33989,32857,-2755,-14543,-14442,-16300,-15698,-14907,-1528,-4317,-28141,-54,14425,-2779,0,0,0,0,0,0,-1528,-4317,-28141,-54,14425,-2779,0,0,0,0,0,0
